;sent;sent_length;named entity (intern);ne_length;ne_percentage;perplexity;Unnamed: 0;Unnamed: 0.1;named entity_asIs (intern);type (intern);qid (intern);Is the sentence enough to infer the QID?;If not, report the context (specific string);If not, report the context (broader);comment (intern);periodical_issue;sent_n;id;text;page_id;namedEntities_type;namedEntities_entityName;namedEntities_assessments_user;namedEntities_assessments_assessment;namedEntities_assessments_entityType;namedEntities_assessments_entityMention;namedEntities_assessments_correctEntityMention;namedEntities_assessments_ocrEntityMention;wikis_wiki;wikis_link;wikis_qid;wikis_assessments_user;wikis_assessments_assessment;wikis_assessments_wikiUrl;wikis_assessments_qidAssessment;wikis_assessments_wikiQid;wikis_assessments_sentenceEnough;wikis_assessments_contextString;wikis_assessments_contextBroader;wikis_assessments_comments;missingNamedEntities_user;missingNamedEntities_name;missingNamedEntities_nameOcr;missingNamedEntities_entityType;missingNamedEntities_wiki;missingNamedEntities_qid;missingNamedEntities_sentenceEnough;original_sentence
0;Inthe island of Ceylon, 1 Music appears to have been greatly cultivated, if we may judge by the number and form of their instruments.;24;Ceylon;1.0;4.166666666666666;209.97234731228818;0;1;;island;Q854;;;;;TheQuarterlyMusicalMagazineAndReview__1826-029.txt_957;122643;122643;Inthe island of Ceylon, 1 Music appears to have been greatly cultivated, if we may judge by the number and form of their instruments.;TheQuarterlyMusicalMagazineAndReview__1826-029.txt_957;island;Ceylon;23628;correct;;correct;;;Sri_Lanka;https://en.wikipedia.org/wiki/Sri_Lanka;Q854;23628;correct;;correct;;;;;;;;;;;;;
1;(Gow and Son, 162, Regent Street.);6;Regent Street;2.0;33.33333333333333;1202.9029185526988;1;2;;road;Q1123106;;;;;TheHarmonicon__1824-016.txt_1568;137400;137400;(Gow and Son, 162, Regent Street.);TheHarmonicon__1824-016.txt_1568;road;Regent Street;23628;correct;;correct;;;Regent_Street;https://en.wikipedia.org/wiki/Regent_Street;Q1123106;23628;correct;;correct;;;;;;;;;;;;;
2;(Gow and Son, 162, Regent Street.);6;Gow and Son;3.0;50.0;1202.9029185526988;2;4;;company;;;;;Not in Wikidata;TheHarmonicon__1824-016.txt_1568;137400;137400;(Gow and Son, 162, Regent Street.);TheHarmonicon__1824-016.txt_1568;family;Gow and Son;23628;wrong;company;correct;;;James_Smith_&_Sons;https://en.wikipedia.org/wiki/James_Smith_&_Sons;Q17542443;23628;wrong;;wrong;;missing;;;Not in Wikidata;;;;;;;;
3;"evening ‘the ; Brooklyn Society.";4;Brooklyn Society;2.0;50.0;29800.648303129303;3;6;;organization;Q72912;;;;the automatically retrieved qid was incorrect;DwightSJournalOfMusic__1870-021.txt_1038;95863;95863;"evening ‘the ; Brooklyn Society.";DwightSJournalOfMusic__1870-021.txt_1038;event;Brooklyn Society;23628;wrong;organization;correct;;;Café_Society;https://en.wikipedia.org/wiki/Café_Society;Q747360;23628;wrong;https://en.wikipedia.org/wiki/Brooklyn_Academy_of_Music;wrong;Q72912;yes;;;the automatically retrieved qid was incorrect;;;;;;;;
4;We now open the volume, and the presentation-plate immediately attracts our notice—an elegant lithographed design by Hamerton.;19;Hamerton;1.0;5.263157894736842;2647.129458137231;4;9;;person;Q52498671;;;;the automatically retrieved qid was incorrect;TheHarmonicon__1832-012.txt_1315;129465;129465;We now open the volume, and the presentation-plate immediately attracts our notice—an elegant lithographed design by Hamerton.;TheHarmonicon__1832-012.txt_1315;person;Hamerton;23628;correct;;correct;;;Philip_Gilbert_Hamerton;https://en.wikipedia.org/wiki/Philip_Gilbert_Hamerton;Q2086752;23628;wrong;;wrong;Q52498671;yes;;;the automatically retrieved qid was incorrect;;;;;;;;
5;"Seeing the success of his rival, Wilson, in musical entertainments, Mr. Horncastle has launched forth as an imitator; but on this topic more anon, Wilson isa right-minded, thoroughly honest man.";31;Mr. Horncastle;2.0;6.451612903225806;247.5582081522605;5;11;;person;;;;;1. Coreference resolution: the name mentioned doesn't appear in the original sentence where the pronoun is used instead. 2. Not in Wikidata;TheMusicalWorld__1844-006.txt_120;111949;111949;"Seeing the success of his rival, Wilson, in musical entertainments, Mr. Horncastle has launched forth as an imitator; but on this topic more anon, Wilson isa right-minded, thoroughly honest man.";TheMusicalWorld__1844-006.txt_120;person;Mr. Horncastle;23628;correct;;correct;;;William_Horncastle;https://en.wikipedia.org/wiki/William_Horncastle;Q28924358;23628;wrong;;wrong;;missing;;;1. Coreference resolution: the name mentioned doesn't appear in the original sentence where the pronoun is used instead. 2. Not in Wikidata;;;;;;;;"Seeing the success of his rival, Wilson, in musical entertainments, he has launched forth as an imitator; but on this topic more anon, Wilson isa right-minded, thoroughly honest man."
6;"Seeing the success of his rival, Wilson, in musical entertainments, Mr. Horncastle has launched forth as an imitator; but on this topic more anon, Wilson isa right-minded, thoroughly honest man.";31;Wilson;1.0;3.225806451612903;247.5582081522605;6;13;;person;;;;;Not in Wikidata;TheMusicalWorld__1844-006.txt_120;111949;111949;"Seeing the success of his rival, Wilson, in musical entertainments, Mr. Horncastle has launched forth as an imitator; but on this topic more anon, Wilson isa right-minded, thoroughly honest man.";TheMusicalWorld__1844-006.txt_120;person;Wilson;23628;correct;;correct;;;Woodrow_Wilson;https://en.wikipedia.org/wiki/Woodrow_Wilson;Q34296;23628;wrong;;wrong;;missing;;;Not in Wikidata;;;;;;;;"Seeing the success of his rival, Wilson, in musical entertainments, he has launched forth as an imitator; but on this topic more anon, Wilson isa right-minded, thoroughly honest man."
7;After having finished her studies in counterpoint under Ant.;9;;0.0;0.0;1492.3628475461958;7;15;;;;;;;not a valid named entity;TheHarmonicon__1824-016.txt_53;136293;136293;After having finished her studies in counterpoint under Ant.;TheHarmonicon__1824-016.txt_53;person;Ant;23628;wrong;;wrong;;Ant.;Ant_(producer);https://en.wikipedia.org/wiki/Ant_(producer);Q4770853;23628;wrong;;wrong;;missing;;;not a valid named entity;;;;;;;;
8;Critics’ Labour Lost.;3;;0.0;0.0;12126.760701596579;8;17;;;;;;;not a valid named entity. The author is probably referencing Shakespeare's Love's Labours Lost.;TheHarmonicon__1824-016.txt_2509;138079;138079;Critics’ Labour Lost.;TheHarmonicon__1824-016.txt_2509;political-party;Labour;23628;wrong;;wrong;;;Labour_Party_(UK);https://en.wikipedia.org/wiki/Labour_Party_(UK);Q9630;23628;wrong;;wrong;;missing;;;not a valid named entity. The author is probably referencing Shakespeare's Love's Labours Lost.;;;;;;;;
9;Storia di Musica, vol.;4;Storia della Musica;3.0;75.0;1327.2069794126342;9;19;Storia di Musica;book;;;;;not in Wikidata https://it.wikipedia.org/wiki/Giovanni_Battista_Martini#La_Storia_della_musica[3];TheQuarterlyMusicalMagazineAndReview__1826-029.txt_1361;122927;122927;Storia di Musica, vol.;TheQuarterlyMusicalMagazineAndReview__1826-029.txt_1361;journal;Storia di Musica;23628;wrong;book;wrong;Storia della Musica;Storia di Musica;Showa_Academia_Musicae;https://en.wikipedia.org/wiki/Showa_Academia_Musicae;Q8189541;23628;wrong;;wrong;;missing;;;not in Wikidata https://it.wikipedia.org/wiki/Giovanni_Battista_Martini#La_Storia_della_musica[3];;;;;;;;
10;The King’s Theatre ........;4;The King’s Theatre;4.0;100.0;6497.4232233975545;10;21;The King’s Theatre;theater;Q1155331;;;;;TheQuarterlyMusicalMagazineAndReview__1828-037.txt_333;118932;118932;The King’s Theatre ........;TheQuarterlyMusicalMagazineAndReview__1828-037.txt_333;building;The King 's Theatre;23628;wrong;theater;wrong;The King’s Theatre;The King’s Theatre;The_King's_(B3000 / Brisbane);https://en.wikipedia.org/wiki/The_King's_(B3000 / Brisbane);;23628;wrong;https://en.wikipedia.org/wiki/His_Majesty%27s_Theatre,_London;;Q1155331;yes;;;;;;;;;;;
11;dward W. Bradley, Esq.,;4;Edward W. Bradley;3.0;75.0;501.4619960777099;11;23;dward W. Bradley;person;;;;;not enough context to determine the entity;TheMusicalTimes__1876-397.txt_637;104340;104340;dward W. Bradley, Esq.,;TheMusicalTimes__1876-397.txt_637;person;Dward W. Bradley;23628;correct;;wrong;Edward W. Bradley;dward W. Bradley;Willis_W._Bradley;https://en.wikipedia.org/wiki/Willis_W._Bradley;Q2581565;23628;wrong;;wrong;;missing;;;not enough context to determine the entity;;;;;;;;
12;The testimony of Mr. Pelzer.;5;Mr. Pelzer;2.0;40.0;198.1590367441555;12;25;;person;Q1405676;;Mr. Pelzer, the professor of the guitar;"I saw him on this subject early in November, when he finally proposed referring it to Mr. Pelzer, the professor of the guitar; a friend of his, and an entire stranger to me*®, then accidentally present, 5th. That gentleman positively declared, that there could be no doubt of Mr. Linley’s composition having been taken from mine; at the same time he expressed his belief, that this bad happened by accident, 6th. Mr. Linley proposed stating on his. song, that my quartett had been composed first.";;TheHarmonicon__1832-012.txt_349;128690;128690;The testimony of Mr. Pelzer.;TheHarmonicon__1832-012.txt_349;person;Mr. Pelzer;23628;correct;;correct;;;Dave_Pelzer;https://en.wikipedia.org/wiki/Dave_Pelzer;Q1173311;23628;wrong;https://en.wikipedia.org/wiki/Ferdinand_Pelzer;wrong;Q1405676;no;Mr. Pelzer, the professor of the guitar;"I saw him on this subject early in November, when he finally proposed referring it to Mr. Pelzer, the professor of the guitar; a friend of his, and an entire stranger to me*®, then accidentally present, 5th. That gentleman positively declared, that there could be no doubt of Mr. Linley’s composition having been taken from mine; at the same time he expressed his belief, that this bad happened by accident, 6th. Mr. Linley proposed stating on his. song, that my quartett had been composed first.";;;;;;;;;
13;cccccccccccecccccesescssscccecse Philharmonic Society;3;Philharmonic Society;2.0;66.66666666666666;38462.09977282621;13;27;Philharmonic Society;organization;Q1292443;;;;Sixteen years of steady conformity to the original constitution of the Philharmonic Society have so thoroughly established the character of their concerts, that*their subscription is always full to overflowing.;TheQuarterlyMusicalMagazineAndReview__1828-037.txt_361;118949;118949;cccccccccccecccccesescssscccecse Philharmonic Society;TheQuarterlyMusicalMagazineAndReview__1828-037.txt_361;organization;cccccccccecccesescssscccecse Philharmonic Society;23628;correct;;wrong;Philharmonic Society;Philharmonic Society;CCCC_(o3000 / organization);https://en.wikipedia.org/wiki/CCCC_(o3000 / organization);;23628;wrong;https://en.wikipedia.org/wiki/Royal_Philharmonic_Society;;Q1292443;yes;;;Sixteen years of steady conformity to the original constitution of the Philharmonic Society have so thoroughly established the character of their concerts, that*their subscription is always full to overflowing.;;;;;;;;
14;A building of white marble (costing 3170,000° besides the land) has been erected on the corner of Charles street and Mount.;22;Charles Street;2.0;9.090909090909092;358.88796143787465;14;29;;street;Q2449172;;;;;DwightSJournalOfMusic__1870-021.txt_518;95455;95455;A building of white marble (costing 3170,000° besides the land) has been erected on the corner of Charles street and Mount.;DwightSJournalOfMusic__1870-021.txt_518;street;Charles Street;23628;correct;;correct;;;Charles_Street_(Baltimore);https://en.wikipedia.org/wiki/Charles_Street_(Baltimore);Q2449172;23628;correct;;correct;;;;;;;;;;;;;
15;ae Mr. Cianchettini;3;Mr. Cianchettini;2.0;66.66666666666666;954.0133031852563;15;32;;person;Q18819786;;La Partanza, Canzonetta, by Pio Cianchettini ;". XIX. The Pleasures of Benevolence : set to Music by Pp. Cianchettini 2. La Partanza, Canzonetta, by Pio Cianchettini 3. Pll meet thee nigh the Time of Lovers; written by David Lyndsay ; composed by Miss Figge ....sccccseecceess XX. New Ballads........ Ne ence eee eee eens eee neeees sees XXII. ’Tis Law! ‘tis Law! written and adapted to the Sopuilar French Air, C’est l'amour, and affectionately ingeribed to.";the automatically retrieved qid was incorrect;TheQuarterlyMusicalMagazineAndReview__1825-025.txt_3271;115140;115140;ae Mr. Cianchettini;TheQuarterlyMusicalMagazineAndReview__1825-025.txt_3271;person;Mr. Cianchettini;23628;correct;;correct;;;Buddy_Cianci;https://en.wikipedia.org/wiki/Buddy_Cianci;Q598162;23628;wrong;;wrong;Q18819786;no;La Partanza, Canzonetta, by Pio Cianchettini ;". XIX. The Pleasures of Benevolence : set to Music by Pp. Cianchettini 2. La Partanza, Canzonetta, by Pio Cianchettini 3. Pll meet thee nigh the Time of Lovers; written by David Lyndsay ; composed by Miss Figge ....sccccseecceess XX. New Ballads........ Ne ence eee eee eens eee neeees sees XXII. ’Tis Law! ‘tis Law! written and adapted to the Sopuilar French Air, C’est l'amour, and affectionately ingeribed to.";the automatically retrieved qid was incorrect;;;;;;;;
16;Translated by John Bishop, and dedicated to the Author's friend, Professor Taylor.;13;John Bishop;2.0;15.384615384615385;97.02453708538788;16;34;;person;;;;not in Wikidata;;TheMusicalWorld__1843-036.txt_756;111695;111695;Translated by John Bishop, and dedicated to the Author's friend, Professor Taylor.;TheMusicalWorld__1843-036.txt_756;person;John Bishop;23628;correct;;correct;;;William_John_Bishop;https://en.wikipedia.org/wiki/William_John_Bishop;Q63191799;23628;wrong;;wrong;;missing;;not in Wikidata;;;;;;;;;
17;Translated by John Bishop, and dedicated to the Author's friend, Professor Taylor.;13;Professor Taylor;2.0;15.384615384615385;97.02453708538788;17;36;;person;;;;;not enough context to determine the entity;TheMusicalWorld__1843-036.txt_756;111695;111695;Translated by John Bishop, and dedicated to the Author's friend, Professor Taylor.;TheMusicalWorld__1843-036.txt_756;person;Professor Taylor;23628;correct;;correct;;;D._J._Taylor;https://en.wikipedia.org/wiki/D._J._Taylor;Q5203669;23628;wrong;;wrong;;missing;;;not enough context to determine the entity;;;;;;;;
18;From Gounod's“‘ Faust.;4;Faust;1.0;25.0;1791.4895496009322;18;38;Gounod's“‘ Faust;work-of-art;Q745951;;;;the automatically retrieved qid was incorrect;TheMusicalTimes__1876-402.txt_3831;101154;101154;From Gounod's“‘ Faust.;TheMusicalTimes__1876-402.txt_3831;book;Gounod 's Faust;23628;wrong;work-of-art;wrong;Faust;Gounod's“‘ Faust;The_Gounod_(V3000 / Vargas_Llosa_novel);https://en.wikipedia.org/wiki/The_Gounod_(V3000 / Vargas_Llosa_novel);;23628;wrong;https://en.wikipedia.org/wiki/Faust_(opera);;Q745951;yes;;;the automatically retrieved qid was incorrect;;;;;;;;
19;Gehring Jean Guillaume was considered an excel;7;Gehring Jean Guillaume;3.0;42.857142857142854;6381.0446600519945;19;42;;person;;;;;not in Wikidata;TheQuarterlyMusicalMagazineAndReview__1824-022.txt_1281;116686;116686;Gehring Jean Guillaume was considered an excel;TheQuarterlyMusicalMagazineAndReview__1824-022.txt_1281;person;Gehring Jean Guillaume;23628;correct;;correct;;;Jean-Richard_Geurts;https://en.wikipedia.org/wiki/Jean-Richard_Geurts;Q1654509;23628;wrong;;wrong;;missing;;;not in Wikidata;;;;;;;;He was considered an excel ment.
20;The testimony of Mr. Duff.;5;Mr. Duff;2.0;40.0;198.1590367441555;20;44;;person;;;;;not enough context to determine the entity;TheHarmonicon__1832-012.txt_350;128691;128691;The testimony of Mr. Duff.;TheHarmonicon__1832-012.txt_350;person;Mr. Duff;23628;correct;;correct;;;James_Duff_Duff;https://en.wikipedia.org/wiki/James_Duff_Duff;Q6132894;23628;wrong;;wrong;;missing;;;not enough context to determine the entity;;;;;;;;
21;: below the line | to Eee Ivish Times.;8;The Irish Times;3.0;37.5;6175.4323881909;21;46;Eee Ivish Times;newspaper;Q1134208;;;;the automatically retrieved qid was incorrect ;TheMusicalTimes__1875-388.txt_618;101704;101704;: below the line | to Eee Ivish Times.;TheMusicalTimes__1875-388.txt_618;newspaper;Eee Ivish Times;23628;correct;;wrong;The Irish Times;Eee Ivish Times;EE_Times;https://en.wikipedia.org/wiki/EE_Times;Q5322946;23628;wrong;https://en.wikipedia.org/wiki/The_Irish_Times;wrong;Q1134208;yes;;;the automatically retrieved qid was incorrect ;;;;;;;;
22;1.— Coventry Ilollier.;3;;0.0;0.0;766904.5998216982;22;48;;;;;;;not sure if it is a valid named entity;TheMusicalWorld__1843-029.txt_268;109949;109949;1.— Coventry Ilollier.;TheMusicalWorld__1843-029.txt_268;person;Coventry Ilollier;23628;wrong;;wrong;;;Gabriel_Achilier;https://en.wikipedia.org/wiki/Gabriel_Achilier;Q2007275;23628;wrong;;wrong;;missing;;;not sure if it is a valid named entity;;;;;;;;
23;ose E. J. Loder.;4;E. J. Loder;3.0;75.0;2189.176599654621;23;50;;person;Q5344199;;;;the automatically retrieved qid was incorrect.;TheMusicalTimes__1873-366.txt_647;107042;107042;ose E. J. Loder.;TheMusicalTimes__1873-366.txt_647;person;E. J. Loder;23628;correct;;correct;;;John_Loder_(sound_engineer);https://en.wikipedia.org/wiki/John_Loder_(sound_engineer);Q6245113;23628;wrong;https://en.wikipedia.org/wiki/Edward_Loder;wrong;Q5344199;yes;;;the automatically retrieved qid was incorrect.;;;;;;;;
24;- ROSE MARIE...;2;Rose Marie;2.0;100.0;312487.06786204263;24;52;;;;;;;not enough context to determine the entity;TheMusicalTimes__1875-388.txt_2924;103451;103451;- ROSE MARIE...;TheMusicalTimes__1875-388.txt_2924;person;Rose Marie;23628;wrong;;correct;;;Rose_Marie;https://en.wikipedia.org/wiki/Rose_Marie;Q94487;23628;wrong;;wrong;;missing;;;not enough context to determine the entity;;;;;;;;
25;"; par J. Moscheles.";3;Moscheles;1.0;33.33333333333333;2913.830909395009;25;54;J. Moscheles;person;Q159551;;Au clair de la lune;"“Au clair de la lune ;” by ' J. Moscheles. No.1. Introduction et Rondeau Ecossais, concertans. pour Piano Forte et Violon.; par J. Moscheles. London. Cramer, Addison, and Beale. .
";;TheQuarterlyMusicalMagazineAndReview__1826-029.txt_2081;123458;123458;"; par J. Moscheles.";TheQuarterlyMusicalMagazineAndReview__1826-029.txt_2081;person;Par J. Moscheles;23628;correct;;wrong;Moscheles;J. Moscheles;Felix_Moscheles;https://en.wikipedia.org/wiki/Felix_Moscheles;Q55999;23628;wrong;https://en.wikipedia.org/wiki/Ignaz_Moscheles;wrong;Q159551;no;Au clair de la lune;"“Au clair de la lune ;” by ' J. Moscheles. No.1. Introduction et Rondeau Ecossais, concertans. pour Piano Forte et Violon.; par J. Moscheles. London. Cramer, Addison, and Beale. .
";;;;;;;;;
26;Nevertheless Mr. Phillips has contrived to tell a very different story in the music, which is dramatic and effective.;19;Mr. Phillips;2.0;10.526315789473683;107.50786097889431;26;56;;person;;;;;"Not enough context to determine the entity. Maybe author of “The Swedish Ferryman.""";TheMusicalWorld__1843-038.txt_574;110898;110898;Nevertheless Mr. Phillips has contrived to tell a very different story in the music, which is dramatic and effective.;TheMusicalWorld__1843-038.txt_574;person;Mr. Phillips;23628;correct;;correct;;;Sam_Phillips;https://en.wikipedia.org/wiki/Sam_Phillips;Q321354;23628;wrong;;wrong;;missing;;;"Not enough context to determine the entity. Maybe author of “The Swedish Ferryman.""";;;;;;;;
27;The Poem by Vincent Amcotts.;5;Vincent Amcotts;2.0;40.0;11268.812399004597;27;58;;person;;;;;not enough context to determine the entity;TheMusicalTimes__1876-397.txt_2472;105730;105730;The Poem by Vincent Amcotts.;TheMusicalTimes__1876-397.txt_2472;person;Vincent Amcotts;23628;correct;;correct;;;Vincent_Buckley;https://en.wikipedia.org/wiki/Vincent_Buckley;Q7931698;23628;wrong;;wrong;;missing;;;not enough context to determine the entity;;;;;;;;
28;Part I. contains four Songs, arranged by Mrs. Mounsey BartnoLomew.;10;Mrs Mounsey Bartholomew;3.0;30.0;536.9082919455465;28;60;Mrs. Mounsey BartnoLomew;person;Q4766585;;;;the automatically retrieved qid was incorrect;TheMusicalTimes__1875-388.txt_2800;103365;103365;Part I. contains four Songs, arranged by Mrs. Mounsey BartnoLomew.;TheMusicalTimes__1875-388.txt_2800;person;Mrs. Mounsey BartnoLomew;23628;correct;;wrong;Mrs Mounsey Bartholomew;Mrs. Mounsey BartnoLomew;Nana_Mouskouri;https://en.wikipedia.org/wiki/Nana_Mouskouri;Q154662;23628;wrong;https://en.wikipedia.org/wiki/Ann_Mounsey;wrong;Q4766585;yes;;;the automatically retrieved qid was incorrect;;;;;;;;
29;c.ss+eseeserceeevececees New Musical Fund.........;4;;0.0;0.0;193157.72751394458;29;62;;organization;;;;;not enough context to determine the entity;TheQuarterlyMusicalMagazineAndReview__1825-025.txt_255;112827;112827;c.ss+eseeserceeevececees New Musical Fund.........;TheQuarterlyMusicalMagazineAndReview__1825-025.txt_255;organization;c.ss+eseeserceeevececees New Musical Fund;23628;correct;;wrong;;New Musical Fund;Steven_Spring_Foundation;https://en.wikipedia.org/wiki/Steven_Spring_Foundation;;23628;wrong;;;;missing;;;not enough context to determine the entity;;;;;;;;
30;See Musical Review, vol.;4;Musical Review;2.0;50.0;628.5357325893684;30;64;;publication;;;;;not in Wikidata;TheQuarterlyMusicalMagazineAndReview__1824-022.txt_401;115989;115989;See Musical Review, vol.;TheQuarterlyMusicalMagazineAndReview__1824-022.txt_401;publication;Musical Review;23628;correct;;correct;;;The_Musical_Quarterly;https://en.wikipedia.org/wiki/The_Musical_Quarterly;Q1763768;23628;wrong;;wrong;;missing;;;not in Wikidata;;;;;;;;
31;the Lord OZART’S;4;Lord Ozart;2.0;50.0;15045.881862214334;31;66;;person;;;;;Probably OCR error. Maybe Mozart, but not enough context to determine the entity;TheMusicalTimes__1873-366.txt_4134;109396;109396;the Lord OZART’S;TheMusicalTimes__1873-366.txt_4134;person;Lord Ozart;23628;correct;;correct;;;Lord_Voldemort;https://en.wikipedia.org/wiki/Lord_Voldemort;Q176132;23628;wrong;;wrong;;missing;;;Probably OCR error. Maybe Mozart, but not enough context to determine the entity;;;;;;;;
32;The same leading pheno-— mena, it will be seen, are still in progress.;13;;0.0;0.0;312.9085368743269;32;68;;;;;;;not a valid named entity;TheQuarterlyMusicalMagazineAndReview__1824-022.txt_2788;117784;117784;The same leading pheno-— mena, it will be seen, are still in progress.;TheQuarterlyMusicalMagazineAndReview__1824-022.txt_2788;phenomenon;Pheno-—mena;23628;wrong;;wrong;;;Pheno-mena;https://en.wikipedia.org/wiki/Pheno-mena;;23628;wrong;;;;missing;;;not a valid named entity;;;;;;;;
33;Very successful results have attended its application.” — Daily News.;9;Daily News;2.0;22.22222222222222;2984.0591358664456;33;70;;newspaper;Q2605160;;;;the automatically retrieved qid was incorrect;TheMusicalTimes__1876-402.txt_293;98723;98723;Very successful results have attended its application.”—Daily News.;TheMusicalTimes__1876-402.txt_293;newspaper;Daily News;23628;correct;;correct;;;New_York_Daily_News;https://en.wikipedia.org/wiki/New_York_Daily_News;Q627827;23628;wrong;https://en.wikipedia.org/wiki/The_Daily_News_(UK);wrong;Q2605160;yes;;;the automatically retrieved qid was incorrect;;;;;;;;Very successful results have attended its application.”—Daily News.
34;ceccccsscenccceccccussaeceees School of Lombardy ..;4;School of Lombardy;3.0;75.0;1230.8669026722403;34;72;School of Lombardy;school;;;;;not enough context to determine the entity;TheQuarterlyMusicalMagazineAndReview__1825-025.txt_240;112816;112816;ceccccsscenccceccccussaeceees School of Lombardy ..;TheQuarterlyMusicalMagazineAndReview__1825-025.txt_240;school;ceccccsscenccceccccussaeceees School of Lombardy;23628;correct;;wrong;School of Lombardy;School of Lombardy;Lombardy;https://en.wikipedia.org/wiki/Lombardy;Q1210;23628;wrong;;wrong;;missing;;;not enough context to determine the entity;;;;;;;;
35;In some other instances Mr. Moore very narrowly escapes, if.;10;Mr. Moore;2.0;20.0;713.3618297160573;35;74;;person;Q315346;;Sacred Songs, by Thomas Moore,;"Sacred Songs, by Thomas Moore, Esq. and Sir John Stevenson, Mus. Doc. London, Power. Second Number.
Five years or thereabouts have , passed 4 aw vay since the first Nunber of this work fell under our. review—during which period however the world owes so many and so great obligations to Mr. Moore, for his musical, poetical, and political productions, that no complaint can lie against him for the protracted date at which this second of the same family appears. On the contrary, the lapse of time would probably have mellowed the mind of the poet for the solemnity of his undertaking: ";;TheQuarterlyMusicalMagazineAndReview__1824-022.txt_3345;118216;118216;In some other instances Mr. Moore very narrowly escapes, if.;TheQuarterlyMusicalMagazineAndReview__1824-022.txt_3345;person;Mr. Moore;23628;correct;;correct;;;Archie_Moore;https://en.wikipedia.org/wiki/Archie_Moore;Q470731;23628;wrong;https://en.wikipedia.org/wiki/Thomas_Moore;wrong;Q315346;no;Sacred Songs, by Thomas Moore,;"Sacred Songs, by Thomas Moore, Esq. and Sir John Stevenson, Mus. Doc. London, Power. Second Number.
Five years or thereabouts have , passed 4 aw vay since the first Nunber of this work fell under our. review—during which period however the world owes so many and so great obligations to Mr. Moore, for his musical, poetical, and political productions, that no complaint can lie against him for the protracted date at which this second of the same family appears. On the contrary, the lapse of time would probably have mellowed the mind of the poet for the solemnity of his undertaking: ";;;;;;;;;
36;The great drawback upon her singing was an occasional infirmity in the’ sustaining power, not unlike, though not to the same extent, as the trembling of voice observed in Mademoiselle Bonini.;31;Mademoiselle Bonini;2.0;6.451612903225806;549.7385881360759;36;76;;person;;;;;not in Wikidata;TheQuarterlyMusicalMagazineAndReview__1828-037.txt_2235;120402;120402;The great drawback upon her singing was an occasional infirmity in the’ sustaining power, not unlike, though not to the same extent, as the trembling of voice observed in Mademoiselle Bonini.;TheQuarterlyMusicalMagazineAndReview__1828-037.txt_2235;person;Mademoiselle Bonini;23628;correct;;correct;;;Luisella_Boni;https://en.wikipedia.org/wiki/Luisella_Boni;Q3840482;23628;wrong;;wrong;;missing;;;not in Wikidata;;;;;;;;
37;Dibdin ... flourished.;2;Dibdin;1.0;50.0;3155.1774514465537;37;78;Dibdin;person;;;;;Ambiguity: it could be Charles Dibdin or his son, Charles Dibdin the younger.;TheQuarterlyMusicalMagazineAndReview__1824-022.txt_213;115873;115873;Dibdin ... flourished.;TheQuarterlyMusicalMagazineAndReview__1824-022.txt_213;city;Dibin;23628;wrong;person;wrong;Dibdin;Dibdin;Dibin;https://en.wikipedia.org/wiki/Dibin;;23628;wrong;;;;missing;;;Ambiguity: it could be Charles Dibdin or his son, Charles Dibdin the younger.;;;;;;;;
38;10, Francois Lanza—professor of the piano forte.;8;Francois Lanza;2.0;25.0;1377.1408335883852;38;80;;person;;;;;https://www.wikidata.org/wiki/Q16670015;TheQuarterlyMusicalMagazineAndReview__1828-037.txt_1721;120029;120029;10, Francois Lanza—professor of the piano forte.;TheQuarterlyMusicalMagazineAndReview__1828-037.txt_1721;person;Francois Lanza;23628;correct;;correct;;;François_Lanzi;https://en.wikipedia.org/wiki/François_Lanzi;Q3085090;23628;wrong;;wrong;;missing;;;https://www.wikidata.org/wiki/Q16670015;;;;;;;;
39;Songs by Henry Isaac Robert Mott 2...;7;Henry Isaac Robert Mott;4.0;57.14285714285714;61449.883306133066;39;82;;person;;;;;not in Wikidata;TheQuarterlyMusicalMagazineAndReview__1825-025.txt_156;112764;112764;Songs by Henry Isaac Robert Mott 2...;TheQuarterlyMusicalMagazineAndReview__1825-025.txt_156;person;Henry Isaac Robert Mott;23628;correct;;correct;;;John_Mott;https://en.wikipedia.org/wiki/John_Mott;Q159726;23628;wrong;;wrong;;missing;;;not in Wikidata;;;;;;;;
40;Miss C. Novello. .;3;Miss C. Novello;3.0;100.0;552.3324138098149;40;84;;person;Q4322567;;;;the automatically retrieved qid was incorrect;TheMusicalWorld__1843-038.txt_361;110718;110718;Miss C. Novello. .;TheMusicalWorld__1843-038.txt_361;person;Miss C. Novello;23628;correct;;correct;;;Miss_Read;https://en.wikipedia.org/wiki/Miss_Read;Q273448;23628;wrong;https://en.wikipedia.org/wiki/Clara_Novello;wrong;Q4322567;yes;;;the automatically retrieved qid was incorrect;;;;;;;;
41;(Manager of King’ s Theatre);5;King’s Theatre;3.0;60.0;2571.067738117305;41;86;;theater;Q1155331;;;;;TheQuarterlyMusicalMagazineAndReview__1828-037.txt_139;118797;118797;(Manager of King’ s Theatre);TheQuarterlyMusicalMagazineAndReview__1828-037.txt_139;organization;King’s Theatre;23628;wrong;theater;correct;;;King’s;https://en.wikipedia.org/wiki/King’s;;23628;wrong;https://en.wikipedia.org/wiki/His_Majesty%27s_Theatre,_London;;Q1155331;yes;;;;;;;;;;;
42;£4 for allowing two airs from Wallace’s;9;Wallace;1.0;11.11111111111111;5478.459693107349;42;88;;person;Q2245188;;Wallace’s Maritana;£4 for allowing two airs from Wallace’s Maritana to be performed. ;;TheMusicalTimes__1876-397.txt_1277;104832;104832;£4 for allowing two airs from Wallace’s;TheMusicalTimes__1876-397.txt_1277;broadcast-program;Wallace;23628;wrong;person;correct;;;MZ_Wallace;https://en.wikipedia.org/wiki/MZ_Wallace;;23628;wrong;https://en.wikipedia.org/wiki/William_Vincent_Wallace;;Q2245188;no;Wallace’s Maritana;£4 for allowing two airs from Wallace’s Maritana to be performed. ;;;;;;;;;
43;Yes” he says to Eugéne Verneuil, “;6;Eugéne Verneuil;2.0;33.33333333333333;2222.8779807521782;43;89;;person;;;;;not enough context to determine the entity;TheHarmonicon__1828-001.txt_1878;133757;133757;Yes” he says to Eugéne Verneuil, “;TheHarmonicon__1828-001.txt_1878;person;Eugéne Verneuil;23628;correct;;correct;;;Henri_Verneuil;https://en.wikipedia.org/wiki/Henri_Verneuil;Q55394;23628;wrong;;wrong;;missing;;;not enough context to determine the entity;;;;;;;;
44;Mornine Sone .-;2;Mornine Sone;2.0;100.0;992298.5656103936;44;92;;music;;;;;"41. Mornine Sone .- Morgengruss Op. 5742. OLp German Sonc Altdeutsches Lied 43. Herpsman’s SonG Hirtenlied .
";TheMusicalTimes__1875-388.txt_1503;102362;102362;Mornine Sone .-;TheMusicalTimes__1875-388.txt_1503;person;Mornine Sone;23628;wrong;music;correct;;;Chūsei_Sone;https://en.wikipedia.org/wiki/Chūsei_Sone;Q402479;23628;wrong;;wrong;;missing;;;"41. Mornine Sone .- Morgengruss Op. 5742. OLp German Sonc Altdeutsches Lied 43. Herpsman’s SonG Hirtenlied .
";;;;;;;;
45;Unfortunately, Stradler was: imprudent enough to entrust the money to his debtor, who unserupulously put the money in his pocket, and left his too confiding friend to get out of the dilemma in the best way Stradler could.;38;Mozart;1.0;2.631578947368421;189.73081975442364;45;94;Stradler;person;Q254;;Stradler was, of course, unprepared, and Mozart was'obliged to find the-50 ducats himself. . ;". He was no-‘less devoted to his friends and comrades, and, morethan once, was the victim of his own, generosity. Anton Stradler, the clarinettist, for whom Mozart wrote his admirable quintet, was not ashamed to take unfair advantage of that generosity. One day, knowing that Mozart had received 50 ducats from the Emperor, Stradler, with tears in. his eyes, . came and begged the composer. to lend; him that sum. Mozart, hard pressed himself, could not do without it, but, not liking to refuse, lent Stradler two large répeaters, on which 4 pawnbroker advanced the cash. At the expi- ration of the time for-which the watches were pledged, Stradler was, of course, unprepared, and Mozart was'obliged to find the-50 ducats himself. . Unfortunately, he was: imprudent enough to entrust the money to his debtor, who unserupulously put it in his pocket, and left his too confiding friend to get out of the dilemma in the best way he could.";Coreference resolution: the name mentioned doesn't appear in the original sentence where the pronoun is used instead;DwightSJournalOfMusic__1875-006.txt_400;94189;94189;Unfortunately, Stradler was: imprudent enough to entrust the money to his debtor, who unserupulously put the money in his pocket, and left his too confiding friend to get out of the dilemma in the best way Stradler could.;DwightSJournalOfMusic__1875-006.txt_400;person;Stradler;23628;correct;;wrong;Mozart;Stradler;George_Stigler;https://en.wikipedia.org/wiki/George_Stigler;Q243534;23628;wrong;https://en.wikipedia.org/wiki/Wolfgang_Amadeus_Mozart;wrong;Q254;no;Stradler was, of course, unprepared, and Mozart was'obliged to find the-50 ducats himself. . ;". He was no-‘less devoted to his friends and comrades, and, morethan once, was the victim of his own, generosity. Anton Stradler, the clarinettist, for whom Mozart wrote his admirable quintet, was not ashamed to take unfair advantage of that generosity. One day, knowing that Mozart had received 50 ducats from the Emperor, Stradler, with tears in. his eyes, . came and begged the composer. to lend; him that sum. Mozart, hard pressed himself, could not do without it, but, not liking to refuse, lent Stradler two large répeaters, on which 4 pawnbroker advanced the cash. At the expi- ration of the time for-which the watches were pledged, Stradler was, of course, unprepared, and Mozart was'obliged to find the-50 ducats himself. . Unfortunately, he was: imprudent enough to entrust the money to his debtor, who unserupulously put it in his pocket, and left his too confiding friend to get out of the dilemma in the best way he could.";Coreference resolution: the name mentioned doesn't appear in the original sentence where the pronoun is used instead;;;;;;;;
46;Miss C. Novello..;3;Miss C. Novello;3.0;100.0;552.3324138098149;46;96;;person;Q4322567;;;;;TheMusicalWorld__1843-038.txt_299;110689;110689;Miss C. Novello..;TheMusicalWorld__1843-038.txt_299;person;Miss C. Novello;23628;correct;;correct;;;Miss_Read;https://en.wikipedia.org/wiki/Miss_Read;Q273448;23628;wrong;https://en.wikipedia.org/wiki/Clara_Novello;wrong;Q4322567;yes;;;;;;;;;;;
47;Air Suisse, varieé;3;Air Suisse;2.0;66.66666666666666;2748.9182305078;47;98;;music;;;;;not enough context to determine the entity;TheQuarterlyMusicalMagazineAndReview__1828-037.txt_348;118939;118939;Air Suisse, varieé;TheQuarterlyMusicalMagazineAndReview__1828-037.txt_348;country;Air Suisse;23628;wrong;music;correct;;;Air_France;https://en.wikipedia.org/wiki/Air_France;Q131005;23628;wrong;;wrong;;missing;;;not enough context to determine the entity;;;;;;;;
48;‘ Unser Pater.;2;;0.0;0.0;77524.45104368383;48;100;;;;;;;not a valid named entity;TheHarmonicon__1832-012.txt_1258;129419;129419;‘ Unser Pater.;TheHarmonicon__1832-012.txt_1258;person;Unser Pater;23628;wrong;;wrong;;;Walter_Pater;https://en.wikipedia.org/wiki/Walter_Pater;Q352528;23628;wrong;;wrong;;missing;;;not a valid named entity;;;;;;;;
49;Now let us look at an account of the. closing of the King’s Theatre, last season.;17;King's Theatre;3.0;17.647058823529413;124.6108248053525;49;102;;theater;Q1155331;;;;;TheHarmonicon__1832-012.txt_1655;129726;129726;Now let us look at an account of the. closing of the King’s Theatre, last season.;TheHarmonicon__1832-012.txt_1655;building;King's Theatre;23628;wrong;theater;correct;;;King's_(B3000 / Brisbane);https://en.wikipedia.org/wiki/King's_(B3000 / Brisbane);;23628;wrong;https://en.wikipedia.org/wiki/His_Majesty%27s_Theatre,_London;;Q1155331;yes;;;;;;;;;;;
50;Mr. Bishop has had a large experience in the management of these performances.;13;Mr. Bishop;2.0;15.384615384615385;133.19042004156324;50;104;;person;Q1200639;;;;the automatically retrieved qid was incorrect;TheQuarterlyMusicalMagazineAndReview__1828-037.txt_2281;120442;120442;Mr. Bishop has had a large experience in the management of these performances.;TheQuarterlyMusicalMagazineAndReview__1828-037.txt_2281;person;Mr. Bishop;23628;correct;;correct;;;John_Bishop;https://en.wikipedia.org/wiki/John_Bishop;Q6222003;23628;wrong;https://en.wikipedia.org/wiki/Henry_Bishop_(composer);wrong;Q1200639;yes;;;the automatically retrieved qid was incorrect;;;;;;;;
51;* and then for further information upon the subject we are referred to Stainer’s;14;Stainer;1.0;7.142857142857142;219.13392391608846;51;106;Stainer;person;Q1388550;; Stainer’s “‘ Theory of Harmony.;"Speaking of “ Cadences,” too, it is laid down as a law that ‘ta series of cadences can be constructed by making any one of the relative chords (or its inversions) precede the final tonic chord, a relative chord being 2 common chord which can be made up out of the notes of any given scale;* and then for further information upon the subject we are referred to Stainer’s “‘ Theory of Harmony.”’ ";the automatically retrieved qid was incorrect;TheMusicalTimes__1876-397.txt_1850;105188;105188;* and then for further information upon the subject we are referred to Stainer’s;TheMusicalTimes__1876-397.txt_1850;publication;Stainer's;23628;wrong;person;wrong;Stainer;Stainer;Stainer's_Dictionary;https://en.wikipedia.org/wiki/Stainer's_Dictionary;;23628;wrong;https://en.wikipedia.org/wiki/John_Stainer;;Q1388550;no; Stainer’s “‘ Theory of Harmony.;"Speaking of “ Cadences,” too, it is laid down as a law that ‘ta series of cadences can be constructed by making any one of the relative chords (or its inversions) precede the final tonic chord, a relative chord being 2 common chord which can be made up out of the notes of any given scale;* and then for further information upon the subject we are referred to Stainer’s “‘ Theory of Harmony.”’ ";the automatically retrieved qid was incorrect;;;;;;;;
52;LES DIAMANS DE LA COURONNE,;5;Les diamants de la couronne;5.0;100.0;56345.946998855536;52;108;LES DIAMANS DE LA COURONNE;work-of-art;Q467897;;LES DIAMANS DE LA COURONNE, The whole of the Music of this celebrated Opera of Auber.;"LES DIAMANS DE LA COURONNE, The whole of the Music of this celebrated Opera of Auber. Arrangements of all kinds, for every Instrument, by the most eminent composers.
";;TheMusicalWorld__1843-038.txt_825;111061;111061;LES DIAMANS DE LA COURONNE,;TheMusicalWorld__1843-038.txt_825;city;Le Dâmas de La COURONne;23628;wrong;work-of-art;wrong;Les diamants de la couronne;LES DIAMANS DE LA COURONNE;Lédânam;https://en.wikipedia.org/wiki/Lédânam;;23628;wrong;https://en.wikipedia.org/wiki/Les_diamants_de_la_couronne;;Q467897;no;LES DIAMANS DE LA COURONNE, The whole of the Music of this celebrated Opera of Auber.;"LES DIAMANS DE LA COURONNE, The whole of the Music of this celebrated Opera of Auber. Arrangements of all kinds, for every Instrument, by the most eminent composers.
";;;;;;;;;
53;Mr. Moscheles was exposed to censure for the too crowded state of his room, and with a little too much severity.;21;Mr. Moscheles;2.0;9.523809523809524;134.476428553586;53;110;;person;Q159551;;;;;TheQuarterlyMusicalMagazineAndReview__1828-037.txt_3573;121068;121068;Mr. Moscheles was exposed to censure for the too crowded state of his room, and with a little too much severity.;TheQuarterlyMusicalMagazineAndReview__1828-037.txt_3573;person;Mr. Moscheles;23628;correct;;correct;;;Felix_Moscheles;https://en.wikipedia.org/wiki/Felix_Moscheles;Q55999;23628;wrong;https://en.wikipedia.org/wiki/Ignaz_Moscheles;wrong;Q159551;yes;;;;;;;;;;;
54;From the Journal of Speculative Philosophy, Oct. 1873.;8;Journal of Speculative Philosophy;4.0;50.0;82.81415592833685;54;111;;journal;Q6295957;;;;;DwightSJournalOfMusic__1873-016.txt_278;97635;97635;From the Journal of Speculative Philosophy, Oct. 1873.;DwightSJournalOfMusic__1873-016.txt_278;journal;Journal of Speculative Philosophy;23628;correct;;correct;;;Journal_of_Speculative_Philosophy;https://en.wikipedia.org/wiki/Journal_of_Speculative_Philosophy;Q6295957;23628;correct;;wrong;Q6295957;yes;;;;;;;;;;;
55;next essay will contain observations on the music of the Persians.;11;;0.0;0.0;222.7055639504081;55;114;;;;;;;not a valid named entity;TheQuarterlyMusicalMagazineAndReview__1826-029.txt_1178;122799;122799;next essay will contain observations on the music of the Persians.;TheQuarterlyMusicalMagazineAndReview__1826-029.txt_1178;country;Persia;23628;wrong;;wrong;;Persians;Iran;https://en.wikipedia.org/wiki/Iran;Q794;23628;wrong;;wrong;;missing;;;not a valid named entity;;;;;;;;
56;Hoog held the first rank asa bassoon.;7;Hoog;1.0;14.285714285714285;6954.975471346204;56;116;;person;;;;;not enough context to determine the entity;TheQuarterlyMusicalMagazineAndReview__1824-022.txt_1293;116696;116696;Hoog held the first rank asa bassoon.;TheQuarterlyMusicalMagazineAndReview__1824-022.txt_1293;person;Hoog;23628;correct;;correct;;;Gustav_Höög;https://en.wikipedia.org/wiki/Gustav_Höög;Q20872375;23628;wrong;;wrong;;missing;;;not enough context to determine the entity;;;;;;;;
57;It is a curious fact, that no pianist has ever commanded the attention Mr. M. has attracted from inixed audiences.;20;Mr. M.;2.0;10.0;297.0567711945019;57;118;;person;Q159551;;Mr. Moscheles;No. 2is a sonata of a superior description, a‘ranged f from a quintet of Mr. Cramer’s, and affords another proof among the Mr. Moscheles has lately assisted at the Literpool Concerts, and he has also visited Dublin, where his fine talents were as generally as justly appreciated. It is a curious fact, that no pianist has ever commanded the attention Mr. M. has attracted from inixed audiences.;the automatically retrieved qid was incorrect;TheQuarterlyMusicalMagazineAndReview__1826-029.txt_2103;123472;123472;It is a curious fact, that no pianist has ever commanded the attention Mr. M. has attracted from inixed audiences.;TheQuarterlyMusicalMagazineAndReview__1826-029.txt_2103;person;Mr. M.;23628;correct;;correct;;;"'Joe_""Mr_Piano""_Henderson'";"https://en.wikipedia.org/wiki/'Joe_""Mr_Piano""_Henderson'";;23628;wrong;https://en.wikipedia.org/wiki/Ignaz_Moscheles;;Q159551;no;Mr. Moscheles;No. 2is a sonata of a superior description, a‘ranged f from a quintet of Mr. Cramer’s, and affords another proof among the Mr. Moscheles has lately assisted at the Literpool Concerts, and he has also visited Dublin, where his fine talents were as generally as justly appreciated. It is a curious fact, that no pianist has ever commanded the attention Mr. M. has attracted from inixed audiences.;the automatically retrieved qid was incorrect;;;;;;;;
58;At St. Michael’s the anthem;6;St. Michael;2.0;33.33333333333333;1802.6498264038894;58;120;St. Michael's;worship-place;Q5117640;;Stamrorp.—Ascension-Day was celebrated this year in most of the churches. At St. Michael’s the anthem “Lift up your heads” (Messiah) was sung ;"Stamrorp.—Ascension-Day was celebrated this year in most of the churches. At St. Michael’s the anthem “Lift up your heads” (Messiah) was sung at the evening service and repeated on the Sunday following ; the members of the choir acquitted themselves very creditably. r.";;TheMusicalTimes__1875-388.txt_2195;102944;102944;At St. Michael’s the anthem;TheMusicalTimes__1875-388.txt_2195;building;St. Michael's;23628;wrong;worship-place;wrong;St. Michael;St. Michael's;St._Michael's_(s3000 / stadium);https://en.wikipedia.org/wiki/St._Michael's_(s3000 / stadium);;23628;wrong;https://en.wikipedia.org/wiki/Church_of_St_Michael_the_Greater,_Stamford;;Q5117640;no;Stamrorp.—Ascension-Day was celebrated this year in most of the churches. At St. Michael’s the anthem “Lift up your heads” (Messiah) was sung ;"Stamrorp.—Ascension-Day was celebrated this year in most of the churches. At St. Michael’s the anthem “Lift up your heads” (Messiah) was sung at the evening service and repeated on the Sunday following ; the members of the choir acquitted themselves very creditably. r.";;;;;;;;;
59;It will be obvious that the writer is much interested in Mad.;12;;0.0;0.0;106.27223847423541;59;122;;;;;;;not a valid named entity;TheHarmonicon__1832-012.txt_1749;129803;129803;It will be obvious that the writer is much interested in Mad.;TheHarmonicon__1832-012.txt_1749;book;Mad;23628;wrong;;wrong;;Mad.;Mad_(magazine);https://en.wikipedia.org/wiki/Mad_(magazine);Q312086;23628;wrong;;wrong;;missing;;;not a valid named entity;;;;;;;;
60;(J. A. Novello.);3;J. A. Novello;3.0;100.0;326.16259976843355;60;124;;person;Q16059897;;;;the automatically retrieved qid was incorrect;TheHarmonicon__1833-005.txt_387;125066;125066;(J. A. Novello.);TheHarmonicon__1833-005.txt_387;person;J. A. Novello;23628;correct;;correct;;;Ivor_Novello;https://en.wikipedia.org/wiki/Ivor_Novello;Q436693;23628;wrong;https://en.wikipedia.org/wiki/Alfred_Novello;wrong;Q16059897;yes;;;the automatically retrieved qid was incorrect;;;;;;;;
61;4.) doRondo and Fantasia.;4;;0.0;0.0;12018.94828522347;61;126;;;;;;;not sure if it is a valid named entity;TheMusicalWorld__1843-029.txt_863;110410;110410;4.) doRondo and Fantasia.;TheMusicalWorld__1843-029.txt_863;thing;Fantasia;23628;wrong;;wrong;;;Guzmania_'Fantasia';https://en.wikipedia.org/wiki/Guzmania_'Fantasia';;23628;wrong;;;;missing;;;not sure if it is a valid named entity;;;;;;;;
62;He has been off and on half a dozen times lately, according to the Chronicle.;15;Chronicle;1.0;6.666666666666667;103.13611515717548;62;128;;newspaper;Q2381797;;‘*‘We are requested to’state, that Mr. Price has not an idea. of taking the Italian -theatre.”—Morning Chronicle. ;4th, ‘*‘We are requested to’state, that Mr. Price has not an idea. of taking the Italian -theatre.”—Morning Chronicle. What a very ridiculous figure the worthy old Chronicle now makes with its theatrical chit-chat, as it calls the puffs which about twice a week appear in its columns. If the editor, a man of the highest ability, think such matters beneath his notice, why is not some printer’s devil on the establishment ordered to undertake ihe task of examining and correcting these paragraphs before they appear. But it would be more easy to reject them at once. Doubtless the surveyor of stamps looks sharply after them, for almost all of them are liable to the duty on advertisements. ss 6th. M. Laurent, who really has a hankering, it is said, after the King’s Theatre, is now on again. He has been off and on half a dozen times lately, according to the Chronicle.;the automatically retrieved qid was incorrect;TheHarmonicon__1828-001.txt_365;132561;132561;He has been off and on half a dozen times lately, according to the Chronicle.;TheHarmonicon__1828-001.txt_365;newspaper;Chronicle;23628;correct;;correct;;;San_Francisco_Chronicle;https://en.wikipedia.org/wiki/San_Francisco_Chronicle;Q139103;23628;wrong;https://en.wikipedia.org/wiki/The_Morning_Chronicle;wrong;Q2381797;no;‘*‘We are requested to’state, that Mr. Price has not an idea. of taking the Italian -theatre.”—Morning Chronicle. ;4th, ‘*‘We are requested to’state, that Mr. Price has not an idea. of taking the Italian -theatre.”—Morning Chronicle. What a very ridiculous figure the worthy old Chronicle now makes with its theatrical chit-chat, as it calls the puffs which about twice a week appear in its columns. If the editor, a man of the highest ability, think such matters beneath his notice, why is not some printer’s devil on the establishment ordered to undertake ihe task of examining and correcting these paragraphs before they appear. But it would be more easy to reject them at once. Doubtless the surveyor of stamps looks sharply after them, for almost all of them are liable to the duty on advertisements. ss 6th. M. Laurent, who really has a hankering, it is said, after the King’s Theatre, is now on again. He has been off and on half a dozen times lately, according to the Chronicle.;the automatically retrieved qid was incorrect;;;;;;;;
63;60 obo - JAMES ON THE FLUTE.;6;James;1.0;16.666666666666664;3748.4455428752744;63;130;James;person;;;;;not enough context to determine the entity;TheQuarterlyMusicalMagazineAndReview__1826-029.txt_1947;123365;123365;60 obo - JAMES ON THE FLUTE.;TheQuarterlyMusicalMagazineAndReview__1826-029.txt_1947;person;James on the Flute;23628;correct;;wrong;James;James;James_James;https://en.wikipedia.org/wiki/James_James;Q3161184;23628;wrong;;wrong;;missing;;;not enough context to determine the entity;;;;;;;;
64;4 The: Overture to Summer Night's Dream,;8;A Midsummer Night's Dream;5.0;62.5;203.98277865669752;64;132;Overture to Summer Night's Dream;music;Q1305214;;as did-Mendelssohn by his composition of “Summer Night's Dream” and ‘‘Fingal’s Cave.”;"Some think they detect already in Weber's “Preciosa” and ‘‘Oberon” the beginning of this new departure; but-Weber, although an origi-, nal and tasteful composer of opera music, did not possess that thematical versatility which is attained only by the study of counterpoint and fugues. His finest ‘musical thought seldom contains more than four measures. and is then succeeded by another thought; his compositions are replete with harmonic and instrumental efiects, and beautiful melodies appear beteacher in composition was critie misses musical conformity. Hence von Weber could never have given such an impulse to the whole art, and to all its disciples, as did-Mendelssohn by his composition of “Summer Night's Dream” and ‘‘Fingal’s Cave.” Truly the last work is a master-piece in every respect. . 4 The:‘Overture to Summer Night's Dream,” ber’s ‘Overture to Oberon.” The different’ themes appear as if forced together As we find in Weber's Oberon overture first_a little of the Elfs and their horn, then the Emperor's ‘festival march, then in the allegro some of the quartets and the airs of Huon and Rezia .";;DwightSJournalOfMusic__1873-016.txt_346;97694;97694;4 The:‘Overture to Summer Night's Dream,;DwightSJournalOfMusic__1873-016.txt_346;music;Overture to Summer Night Dream;23628;correct;;wrong;A Midsummer Night's Dream;Overture to Summer Night's Dream;Overture_to_Summer_Night's_Dream;https://en.wikipedia.org/wiki/Overture_to_Summer_Night's_Dream;;23628;wrong;https://en.wikipedia.org/wiki/A_Midsummer_Night%27s_Dream_(Mendelssohn);;Q1305214;no;as did-Mendelssohn by his composition of “Summer Night's Dream” and ‘‘Fingal’s Cave.”;"Some think they detect already in Weber's “Preciosa” and ‘‘Oberon” the beginning of this new departure; but-Weber, although an origi-, nal and tasteful composer of opera music, did not possess that thematical versatility which is attained only by the study of counterpoint and fugues. His finest ‘musical thought seldom contains more than four measures. and is then succeeded by another thought; his compositions are replete with harmonic and instrumental efiects, and beautiful melodies appear beteacher in composition was critie misses musical conformity. Hence von Weber could never have given such an impulse to the whole art, and to all its disciples, as did-Mendelssohn by his composition of “Summer Night's Dream” and ‘‘Fingal’s Cave.” Truly the last work is a master-piece in every respect. . 4 The:‘Overture to Summer Night's Dream,” ber’s ‘Overture to Oberon.” The different’ themes appear as if forced together As we find in Weber's Oberon overture first_a little of the Elfs and their horn, then the Emperor's ‘festival march, then in the allegro some of the quartets and the airs of Huon and Rezia .";;;;;;;;;
65;Be peace on earth ( Palestine);5;Palestine;1.0;20.0;1147.3013110699555;65;134;;country-region;Q23792;;;;;TheMusicalTimes__1876-402.txt_3600;101019;101019;Be peace on earth ( Palestine);TheMusicalTimes__1876-402.txt_3600;country;Palestine;23628;wrong;country-region;correct;;;State_of_Palestine;https://en.wikipedia.org/wiki/State_of_Palestine;Q219060;23628;wrong;https://en.wikipedia.org/wiki/Palestine_(region);wrong;Q23792;yes;;;;;;;;;;;
66;Mr. Chappell ven.;3;Mr. Chappell;2.0;66.66666666666666;437.08179731950906;66;136;Mr. Chappell;person;;;;;not enough context to determine the entity;TheQuarterlyMusicalMagazineAndReview__1826-029.txt_3684;124642;124642;Mr. Chappell ven.;TheQuarterlyMusicalMagazineAndReview__1826-029.txt_3684;person;Mr. Chappell ven;23628;correct;;wrong;Mr. Chappell;Mr. Chappell;Vere_Claiborne_Chappell;https://en.wikipedia.org/wiki/Vere_Claiborne_Chappell;Q7921172;23628;wrong;;wrong;;missing;;;not enough context to determine the entity;;;;;;;;
67;Mr. Rea, were excellently sung.;5;Mr. Rea;2.0;40.0;1024.1393070233619;67;138;;person;;;;;not in Wikidata;TheMusicalTimes__1876-397.txt_2298;105575;105575;Mr. Rea, were excellently sung.;TheMusicalTimes__1876-397.txt_2298;music;Mr. Rea;23628;wrong;person;correct;;;Chris_Rea;https://en.wikipedia.org/wiki/Chris_Rea;Q262314;23628;wrong;;wrong;;missing;;;not in Wikidata;;;;;;;;
68;Ile has cultivated music profoundly, and has enjoyed ‘the personal acquaintance of most of the composers and artists of that city.;21;;0.0;0.0;741.2398796125038;68;140;;;;;;;"Not a valid named entity. Probably OCR error: ""He""";TheQuarterlyMusicalMagazineAndReview__1828-037.txt_927;119385;119385;Ile has cultivated music profoundly, and has enjoyed ‘the personal acquaintance of most of the composers and artists of that city.;TheQuarterlyMusicalMagazineAndReview__1828-037.txt_927;person;Ile;23628;wrong;;wrong;;;ILE_(singer);https://en.wikipedia.org/wiki/ILE_(singer);Q6055355;23628;wrong;;wrong;;missing;;;"Not a valid named entity. Probably OCR error: ""He""";;;;;;;;
69;By JosErn GREEN.;3;Joseph Green;2.0;66.66666666666666;12136.165638658389;69;142;JosErn GREEN;person;;;;;"Not in Wikidata. Author of ""A Method of Harmony and Modulation""";TheMusicalTimes__1873-366.txt_410;106898;106898;By JosErn GREEN.;TheMusicalTimes__1873-366.txt_410;person;JosErn GREEN;23628;correct;;wrong;Joseph Green;JosErn GREEN;Eugène_Green;https://en.wikipedia.org/wiki/Eugène_Green;Q329549;23628;wrong;;wrong;;missing;;;"Not in Wikidata. Author of ""A Method of Harmony and Modulation""";;;;;;;;
70;, Wilson’s lecture was distinguished, as usual, by its good sense, and his vocal illustrations were exquisite;17;Wilson;1.0;5.88235294117647;462.635248125927;70;143;;person;Q6264502;;the immortal Chris.topher North;"so that the great poet and philosonher, Professor Wilson (the immortal Chris.
topher North) would bee likelier man (and one on whose authority we could sooner rely) to tell us the ife of an artist, or the his‘ory of an art, in an egreeable and instructive manner, than any artist we could name. ";;TheMusicalWorld__1844-006.txt_135;111960;111960;, Wilson’s lecture was distinguished, as usual, by its good sense, and his vocal illustrations were exquisite;TheMusicalWorld__1844-006.txt_135;person;Wilson;23628;correct;;correct;;;Woodrow_Wilson;https://en.wikipedia.org/wiki/Woodrow_Wilson;Q34296;23628;wrong;https://en.wikipedia.org/wiki/John_Wilson_(Scottish_writer);wrong;Q6264502;no;the immortal Chris.topher North;"so that the great poet and philosonher, Professor Wilson (the immortal Chris.
topher North) would bee likelier man (and one on whose authority we could sooner rely) to tell us the ife of an artist, or the his‘ory of an art, in an egreeable and instructive manner, than any artist we could name. ";;;;;;;;;
71;cee eee ee eece c7 v [11.;7;;0.0;0.0;618607.3499659973;71;146;;;;;;;not a valid named entity;TheQuarterlyMusicalMagazineAndReview__1828-037.txt_190;118829;118829;cee eee ee eece c7 v [11.;TheQuarterlyMusicalMagazineAndReview__1828-037.txt_190;court-decision;C7 v;23628;wrong;;wrong;;;T:dyk/q;https://en.wikipedia.org/wiki/T:dyk/q;;23628;wrong;;;;missing;;;not a valid named entity;;;;;;;;
72;g Music on the Common.;5;;0.0;0.0;687.3528611227705;72;147;;;;;;;not a valid named entity;DwightSJournalOfMusic__1868-012.txt_752;96899;96899;g Music on the Common.;DwightSJournalOfMusic__1868-012.txt_752;music;g Music on the Common;23628;wrong;;wrong;;Music on the Common;G&G_Entertainment_(Music);https://en.wikipedia.org/wiki/G&G_Entertainment_(Music);;23628;wrong;;;;missing;;;not a valid named entity;;;;;;;;
73;His arms consisted of a musquet, a sabre, a T urkish knife, and one small pistol, of extremely inferior quality.;20;;0.0;0.0;421.45243449300284;73;150;;;;;;;not a valid named entity;TheQuarterlyMusicalMagazineAndReview__1826-029.txt_2543;123807;123807;His arms consisted of a musquet, a sabre, a T urkish knife, and one small pistol, of extremely inferior quality.;TheQuarterlyMusicalMagazineAndReview__1826-029.txt_2543;country;Turkey;23628;wrong;;wrong;;Turkey;Turkey;https://en.wikipedia.org/wiki/Turkey;Q43;23628;wrong;;wrong;;missing;;;not a valid named entity;;;;;;;;
74;powers of the Irish capital.;5;;0.0;0.0;181.38685785751352;74;152;;;;;;;not a valid named entity;TheHarmonicon__1832-012.txt_1631;129708;129708;powers of the Irish capital.;TheHarmonicon__1832-012.txt_1631;country;Ireland;23628;wrong;;wrong;;Irish;Republic_of_Ireland;https://en.wikipedia.org/wiki/Republic_of_Ireland;Q27;23628;wrong;;wrong;;missing;;;not a valid named entity;;;;;;;;
75;His first ap;3;;0.0;0.0;8322.932930713107;75;154;;;;;;;not a valid named entity;TheQuarterlyMusicalMagazineAndReview__1825-025.txt_1700;113926;113926;His first ap;TheQuarterlyMusicalMagazineAndReview__1825-025.txt_1700;thing;AP;23628;wrong;;wrong;;;Associated_Press;https://en.wikipedia.org/wiki/Associated_Press;Q40469;23628;wrong;;wrong;;missing;;;not a valid named entity;;;;;;;;His first ap ON THE RISE AND PROGRESS OF THE YIOLIN.
76;Simon Leduc published two books of.;6;Simon Leduc;2.0;33.33333333333333;5435.3444260864735;76;156;;person;Q2287672;;;;the automatically retrieved qid was incorrect;TheQuarterlyMusicalMagazineAndReview__1825-025.txt_1853;114056;114056;Simon Leduc published two books of.;TheQuarterlyMusicalMagazineAndReview__1825-025.txt_1853;person;Simon Leduc;23628;correct;;correct;;;Stéphane_Leduc;https://en.wikipedia.org/wiki/Stéphane_Leduc;Q3501905;23628;wrong;https://en.wikipedia.org/wiki/Simon_Le_Duc;wrong;Q2287672;yes;;;the automatically retrieved qid was incorrect;;;;;;;;He published two books of.
77;-Cabrera and the Horace of composers.;6;;0.0;0.0;1082.4193861445642;77;158;;;;;;;not a valid named entity;TheQuarterlyMusicalMagazineAndReview__1825-025.txt_2288;114410;114410;-Cabrera and the Horace of composers.;TheQuarterlyMusicalMagazineAndReview__1825-025.txt_2288;person;Cabrera;23628;wrong;;wrong;;;Benito_Cabrera;https://en.wikipedia.org/wiki/Benito_Cabrera;Q817344;23628;wrong;;wrong;;missing;;;not a valid named entity;;;;;;;;
78;-Cabrera and the Horace of composers.;6;Cabrera and the Horace of composers;6.0;100.0;1082.4193861445642;78;160;Cabrera and the Horace of composers;person;Q312891;;Neither did the immortal Jomelli* acquire less fame by his musical works, which earn for him the titles of the . -Cabrera and the Horace of composers. ;"Galuppi, also called: Buranello, was not less celebrated for his ability i in this art than for the attention he gave to the costume x Vol 6, page 161.
 ARTEAGA ON THE OPERA. aa musicale, that is to say, to the art of adapting the quality of tone and style of singing to the nature and situation of the persons represented. Neither did the immortal Jomelli* acquire less fame by his musical works, which earn for him the titles of the . -Cabrera and the Horace of composers. ";;TheQuarterlyMusicalMagazineAndReview__1825-025.txt_2288;114410;114410;-Cabrera and the Horace of composers.;TheQuarterlyMusicalMagazineAndReview__1825-025.txt_2288;person;Horace of composers;23628;correct;;wrong;Cabrera and the Horace of composers;Cabrera and the Horace of composers;Horace_Keats;https://en.wikipedia.org/wiki/Horace_Keats;Q24239542;23628;wrong;https://en.wikipedia.org/wiki/Niccol%C3%B2_Jommelli;wrong;Q312891;no;Neither did the immortal Jomelli* acquire less fame by his musical works, which earn for him the titles of the . -Cabrera and the Horace of composers. ;"Galuppi, also called: Buranello, was not less celebrated for his ability i in this art than for the attention he gave to the costume x Vol 6, page 161.
 ARTEAGA ON THE OPERA. aa musicale, that is to say, to the art of adapting the quality of tone and style of singing to the nature and situation of the persons represented. Neither did the immortal Jomelli* acquire less fame by his musical works, which earn for him the titles of the . -Cabrera and the Horace of composers. ";;;;;;;;;
79;La musica merita d’esser studiata;5;;0.0;0.0;309499.5530490573;79;162;;;;;;;not a valid named entity;TheQuarterlyMusicalMagazineAndReview__1828-037.txt_1367;119760;119760;La musica merita d’esser studiata;TheQuarterlyMusicalMagazineAndReview__1828-037.txt_1367;event;La Musica Merita d’esser Studiata;23628;wrong;;wrong;;La musica merita d’esser studiata;Academy_of_Music_and_Dramatic_Arts_(Esbjerg);https://en.wikipedia.org/wiki/Academy_of_Music_and_Dramatic_Arts_(Esbjerg);Q4671509;23628;wrong;;wrong;;missing;;;not a valid named entity;;;;;;;;
80;, at St. James’s Hall.;5;St. James Hall;3.0;60.0;817.6969061454209;80;164;;building;Q4416300;;;;;TheMusicalTimes__1875-388.txt_1621;102439;102439;, at St. James’s Hall.;TheMusicalTimes__1875-388.txt_1621;building;St. James Hall;23628;correct;;correct;;;St._James_Hall_(S3000 / St._James,_Florida);https://en.wikipedia.org/wiki/St._James_Hall_(S3000 / St._James,_Florida);;23628;wrong;https://en.wikipedia.org/wiki/St_James%27s_Hall;;Q4416300;yes;;;;;;;;;;;
81;From the Philadelphia Age, June 10.;6;Philadelphia Age;2.0;33.33333333333333;433.6011627601307;81;166;;newspaper;;;;;"not in Wikidata; https://www.lincolnandthecivilwar.com/SubLevelPages/CampaignAge.asp";DwightSJournalOfMusic__1873-016.txt_407;97744;97744;From the Philadelphia Age, June 10.;DwightSJournalOfMusic__1873-016.txt_407;publication;Philadelphia Age;23628;wrong;newspaper;correct;;;Philadelphia_(magazine);https://en.wikipedia.org/wiki/Philadelphia_(magazine);Q7182609;23628;wrong;;wrong;;missing;;;"not in Wikidata; https://www.lincolnandthecivilwar.com/SubLevelPages/CampaignAge.asp";;;;;;;;
82;"Song; the Music composed by F. J. Klose 5.";9;F. J. Klose;3.0;33.33333333333333;215.3841874065766;82;168;F. J. Klose;person;Q18526795;;;;the automatically retrieved qid was incorrect;TheQuarterlyMusicalMagazineAndReview__1825-025.txt_444;112950;112950;"Song; the Music composed by F. J. Klose 5.";TheQuarterlyMusicalMagazineAndReview__1825-025.txt_444;person;F. J. Klose 5;23628;correct;;wrong;F. J. Klose;F. J. Klose;J-five;https://en.wikipedia.org/wiki/J-five;Q726352;23628;wrong;;wrong;Q18526795;yes;;;the automatically retrieved qid was incorrect;;;;;;;;
83;John Bishop, price onlv 15s.;5;John Bishop;2.0;40.0;2814.9877986668266;83;170;;person;;;;;not in Wikidata;TheMusicalWorld__1843-036.txt_750;111690;111690;John Bishop, price onlv 15s.;TheMusicalWorld__1843-036.txt_750;person;John Bishop;23628;correct;;correct;;;John_Bishop;https://en.wikipedia.org/wiki/John_Bishop;Q6222003;23628;wrong;;wrong;;missing;;;not in Wikidata;;;;;;;;
84;Westmorland Scholarship (Ten Pounds towards the cost of a Year's Instruction):;12;Westmorland Scholarship;2.0;16.666666666666664;224.1083787900431;84;172;;scholarship;;;;;not in Wikidata;TheMusicalTimes__1873-366.txt_1425;107656;107656;Westmorland Scholarship (Ten Pounds towards the cost of a Year's Instruction):;TheMusicalTimes__1873-366.txt_1425;scholarship;Westmorland Scholarship;23628;correct;;correct;;;Rhodes_Scholarship;https://en.wikipedia.org/wiki/Rhodes_Scholarship;Q1204346;23628;wrong;;wrong;;missing;;;not in Wikidata;;;;;;;;
85;Patti there is nothing new to say.;7;Patti;1.0;14.285714285714285;821.3023367715602;85;175;;person;Q234166;;Adelina Patti's Career;"Adelina Patti's Career, [from the “Pail Mall Gazette,’ duly 29th.} Led The season just terminated at the Royal Ftal-.| tan Opera, although on. the whole by no. means one of the most. prosperous in the history.of that.
Hantly than with the’ varied ‘eonibination of -entertainments presented the other night “for the benefit of Mile. Adelina PattiZ.ineluding an-act from Romeo e-Giulietla, an act from Faust, and.
an act fram La Figlia del Reggimenta.. Ineach of these aperas—the first two of recent growth, the last about a quarter of a century old—Mlle” Patti has earned some of her fairest lavrelsj and for the purpose of displaying the versatility of her talent a better choice could hardly have been made. But of the Juliet, the Margaret, and the Maria of Mile. Patti there is nothing new to say.";;DwightSJournalOfMusic__1868-012.txt_504;96689;96689;Patti there is nothing new to say.;DwightSJournalOfMusic__1868-012.txt_504;person;Patti;23628;correct;;correct;;;Patti_Smith;https://en.wikipedia.org/wiki/Patti_Smith;Q557;23628;wrong;https://en.wikipedia.org/wiki/Adelina_Patti;wrong;Q234166;no;Adelina Patti's Career;"Adelina Patti's Career, [from the “Pail Mall Gazette,’ duly 29th.} Led The season just terminated at the Royal Ftal-.| tan Opera, although on. the whole by no. means one of the most. prosperous in the history.of that.
Hantly than with the’ varied ‘eonibination of -entertainments presented the other night “for the benefit of Mile. Adelina PattiZ.ineluding an-act from Romeo e-Giulietla, an act from Faust, and.
an act fram La Figlia del Reggimenta.. Ineach of these aperas—the first two of recent growth, the last about a quarter of a century old—Mlle” Patti has earned some of her fairest lavrelsj and for the purpose of displaying the versatility of her talent a better choice could hardly have been made. But of the Juliet, the Margaret, and the Maria of Mile. Patti there is nothing new to say.";;;;;;;;;
86;M. Watson 38.;3;M. Watson;2.0;66.66666666666666;569.0070151432203;86;177;;person;Q99326638;;» 4 EASY PIANOFORTE MUSIC, by Gantier, Glover, Michael Watson;"F.Schira.. 0... 38 Passing clouds... wee M. Watson 38.
Only apart ... ase eee F. Schira ... 35.
The Bird and the Maid ... wn wee Ditto... ws 38.
The Pirate Chief 2.0... eos wee Louis Diehl ... 3S.
You do not love me sees E. Reylof 4s.
JEFFERYS’S MUSICAL JOURNAL.
Each Part, One Shilling net.
Part 1. THIRTEEN POPULAR SONGS, by Glover, Dolores, Gabriel, Nelson, &c.
» 2s TEN BASS SONGS, by Loder, Reyloff, Russell, Dr. Callcott, &c.
» 3- SEVEN VOCAL DUETS, by Bellini, S. Glover, Macfarren, Donizetti, &c. .
» 4 EASY PIANOFORTE MUSIC, by Gantier, Glover, Michael Watson, Bevani, &c. we » 5. OVERTURES, DUETS, by Auber, Hérold, and Rossini.";;TheMusicalTimes__1876-397.txt_730;104421;104421;M. Watson 38.;TheMusicalTimes__1876-397.txt_730;person;M. Watson;23628;correct;;correct;;;D._M._S._Watson;https://en.wikipedia.org/wiki/D._M._S._Watson;Q1175646;23628;wrong;;wrong;Q99326638;no;» 4 EASY PIANOFORTE MUSIC, by Gantier, Glover, Michael Watson;"F.Schira.. 0... 38 Passing clouds... wee M. Watson 38.
Only apart ... ase eee F. Schira ... 35.
The Bird and the Maid ... wn wee Ditto... ws 38.
The Pirate Chief 2.0... eos wee Louis Diehl ... 3S.
You do not love me sees E. Reylof 4s.
JEFFERYS’S MUSICAL JOURNAL.
Each Part, One Shilling net.
Part 1. THIRTEEN POPULAR SONGS, by Glover, Dolores, Gabriel, Nelson, &c.
» 2s TEN BASS SONGS, by Loder, Reyloff, Russell, Dr. Callcott, &c.
» 3- SEVEN VOCAL DUETS, by Bellini, S. Glover, Macfarren, Donizetti, &c. .
» 4 EASY PIANOFORTE MUSIC, by Gantier, Glover, Michael Watson, Bevani, &c. we » 5. OVERTURES, DUETS, by Auber, Hérold, and Rossini.";;;;;;;;;
87;Monsieur, and afterwards at that of the Feydeau.;8;Feydeau;1.0;12.5;107.9853126852448;87;179;;theater;Q825805;;at the Theatre .of Monsieur, and afterwards at that of the Feydeau.;In 1789 he succeeded Mestrino, as leader of the orchestra at the Theatre .of Monsieur, and afterwards at that of the Feydeau.;the automatically retrieved qid was incorrect;TheQuarterlyMusicalMagazineAndReview__1825-025.txt_1815;114026;114026;Monsieur, and afterwards at that of the Feydeau.;TheQuarterlyMusicalMagazineAndReview__1825-025.txt_1815;city;Feydeau;23628;wrong;theater;correct;;;Georges_Feydeau;https://en.wikipedia.org/wiki/Georges_Feydeau;Q49465;23628;wrong;https://en.wikipedia.org/wiki/Th%C3%A9%C3%A2tre_Feydeau;wrong;Q825805;no;at the Theatre .of Monsieur, and afterwards at that of the Feydeau.;In 1789 he succeeded Mestrino, as leader of the orchestra at the Theatre .of Monsieur, and afterwards at that of the Feydeau.;the automatically retrieved qid was incorrect;;;;;;;;
88;Mr. Novello’s praise.;4;Mr. Novello;2.0;50.0;1524.0356082164647;88;181;;person;Q2526705;;Vincent Novello;"The Evening Service, being a Collection of Pieces appropriate to . Vespers, Complin, and Tenebrer, including the whole of the Gre- gorian Hymns, for every principal festival throughout the year ; composed, selected, and arranged, with a separate accompaniment, for the Organ, by Vincent Novello, Organist to the Portuguese Embassy. London. By the Editor.";the automatically retrieved qid was incorrect;TheQuarterlyMusicalMagazineAndReview__1824-022.txt_3064;118013;118013;Mr. Novello’s praise.;TheQuarterlyMusicalMagazineAndReview__1824-022.txt_3064;person;Mr. Novello;23628;correct;;correct;;;Ivor_Novello;https://en.wikipedia.org/wiki/Ivor_Novello;Q436693;23628;wrong;https://en.wikipedia.org/wiki/Vincent_Novello;wrong;Q2526705;no;Vincent Novello;"The Evening Service, being a Collection of Pieces appropriate to . Vespers, Complin, and Tenebrer, including the whole of the Gre- gorian Hymns, for every principal festival throughout the year ; composed, selected, and arranged, with a separate accompaniment, for the Organ, by Vincent Novello, Organist to the Portuguese Embassy. London. By the Editor.";the automatically retrieved qid was incorrect;;;;;;;;
89;Taylor at first took thé young aspirant for fame’ under his pro-_ tecting wing, the scetie.;16;Taylor;1.0;6.25;7265.553030418122;89;183;;person;Q5345563;;Sir, Edward: Taylorjafterwards Gresham Professor -of- Music;Forty years ago no morning paper had its musiSeal editor, anil musical. reporting in any proper sense.of the word was confined to the two papers On the Adlas was Mr.’ Holmes, the avell-known professor of his “eréditable es ays:on music and musical, men in ‘the Magazines and Quarterlies: of the-time. On “the: ‘Spectator was Sir, Edward: Taylorjafterwards Gresham Professor -of- Music, as strong in expression as he was in earnest ‘and sound opinion.;the automatically retrieved qid was incorrect;DwightSJournalOfMusic__1868-012.txt_311;96522;96522;Taylor at first took thé young aspirant for fame’ under his pro-_ tecting wing, the scetie.;DwightSJournalOfMusic__1868-012.txt_311;person;Taylor;23628;correct;;correct;;;A._J._P._Taylor;https://en.wikipedia.org/wiki/A._J._P._Taylor;Q706931;23628;wrong;https://en.wikipedia.org/wiki/Edward_Taylor_(music_writer);wrong;Q5345563;no;Sir, Edward: Taylorjafterwards Gresham Professor -of- Music;Forty years ago no morning paper had its musiSeal editor, anil musical. reporting in any proper sense.of the word was confined to the two papers On the Adlas was Mr.’ Holmes, the avell-known professor of his “eréditable es ays:on music and musical, men in ‘the Magazines and Quarterlies: of the-time. On “the: ‘Spectator was Sir, Edward: Taylorjafterwards Gresham Professor -of- Music, as strong in expression as he was in earnest ‘and sound opinion.;the automatically retrieved qid was incorrect;;;;;;;;
90;published concerting the National Theatre;5;National Theatre;2.0;40.0;18169.177305112535;90;185;;theater;;;;;the automatically retrieved qid was incorrect. not enough context to determine the entity;DwightSJournalOfMusic__1873-016.txt_1150;98316;98316;published concerting the National Theatre;DwightSJournalOfMusic__1873-016.txt_1150;organization;National Theatre;23628;wrong;theater;correct;;;Royal_National_Theatre;https://en.wikipedia.org/wiki/Royal_National_Theatre;Q511108;23628;wrong;;wrong;;missing;;;the automatically retrieved qid was incorrect. not enough context to determine the entity;;;;;;;;
91;Cook was esteemed the best musician of his time to sing to.;12;Cooke;1.0;8.333333333333332;287.932712115747;91;187;Cook;person;Q2281698;;ever after was called Captain Cook.;"_ Tudway, and said, ‘ Co , Madam! the doctor will get up May-hill et, he has swallowed some nourishment.’ On which Tudway articuas well as his disease would permit, ‘ Do not mind him, my dear, ne swallow don’t make a summer.’ Cook was bred up in the King’s Chapel, but quitted it at the commencement of the rebellion, and went into the King’s Army.
. he obtained a captain’s commission, and ever after was called Captain Cook.";;TheHarmonicon__1832-012.txt_74;128470;128470;Cook was esteemed the best musician of his time to sing to.;TheHarmonicon__1832-012.txt_74;person;Cook;23628;correct;;wrong;Cooke;Cook;E._T._Cook;https://en.wikipedia.org/wiki/E._T._Cook;Q5322160;23628;wrong;https://en.wikipedia.org/wiki/Henry_Cooke_(composer);wrong;Q2281698;no;ever after was called Captain Cook.;"_ Tudway, and said, ‘ Co , Madam! the doctor will get up May-hill et, he has swallowed some nourishment.’ On which Tudway articuas well as his disease would permit, ‘ Do not mind him, my dear, ne swallow don’t make a summer.’ Cook was bred up in the King’s Chapel, but quitted it at the commencement of the rebellion, and went into the King’s Army.
. he obtained a captain’s commission, and ever after was called Captain Cook.";;;;;;;;;He was esteemed the best musician of his time to sing to.
92;The music is dramatic, tuneful, and spirited, showing not only a fine appreciation of the wit of the story, but also a capability of giving musical expression to Music by Gzorcz Fox.;32;George Fox;2.0;6.25;132.05383015212863;92;190;Gzorcz Fox;person;;;;;not in Wikidata;TheMusicalTimes__1876-402.txt_3710;101091;101091;The music is dramatic, tuneful, and spirited, showing not only a fine appreciation of the wit of the story, but also a capability of giving musical expression to Music by Gzorcz Fox.;TheMusicalTimes__1876-402.txt_3710;person;Gzorcz Fox;23628;correct;;wrong;George Fox;Gzorcz Fox;György_Cziffra;https://en.wikipedia.org/wiki/György_Cziffra;Q254333;23628;wrong;;wrong;;missing;;;not in Wikidata;;;;;;;;The music is dramatic, tuneful, and spirited, showing not only a fine appreciation of the wit of the story, but also a capability of giving musical expression to it.
93;Institution was given at St. James’s Hall, on the 5th ult., before a large audience.;16;St. James’s Hall;4.0;25.0;450.69372619181485;93;192;St. James’s Hall;building;Q4416300;;;;the automatically retrieved qid was incorrect;TheMusicalTimes__1876-402.txt_1145;99376;99376;Institution was given at St. James’s Hall, on the 5th ult., before a large audience.;TheMusicalTimes__1876-402.txt_1145;building;St. James Hall;23628;correct;;wrong;St. James’s Hall;St. James’s Hall;St._James_Hall,_Hong_Kong;https://en.wikipedia.org/wiki/St._James_Hall,_Hong_Kong;;23628;wrong;https://en.wikipedia.org/wiki/St_James%27s_Hall;;Q4416300;yes;;;the automatically retrieved qid was incorrect;;;;;;;;
94;Annie Albu, Amy Aylward, Kate Brand, Thekla Fischer, Ellen Orridge, Hannah Roby.;12;Annie Albu;2.0;16.666666666666664;4565.9369234987125;94;195;;person;;;;;not in Wikidata;TheMusicalTimes__1876-402.txt_1195;99419;99419;Annie Albu, Amy Aylward, Kate Brand, Thekla Fischer, Ellen Orridge, Hannah Roby.;TheMusicalTimes__1876-402.txt_1195;person;Annie Albu;23628;correct;;correct;;;Annie_Proulx;https://en.wikipedia.org/wiki/Annie_Proulx;Q229840;23628;wrong;;wrong;;missing;;;not in Wikidata;;;;;;;;
95;Annie Albu, Amy Aylward, Kate Brand, Thekla Fischer, Ellen Orridge, Hannah Roby.;12;Amy Aylward;2.0;16.666666666666664;4565.9369234987125;95;197;;person;;;;;not in Wikidata;TheMusicalTimes__1876-402.txt_1195;99419;99419;Annie Albu, Amy Aylward, Kate Brand, Thekla Fischer, Ellen Orridge, Hannah Roby.;TheMusicalTimes__1876-402.txt_1195;person;Amy Aylward;23628;correct;;correct;;;Elaine_Aylward;https://en.wikipedia.org/wiki/Elaine_Aylward;Q5353163;23628;wrong;;wrong;;missing;;;not in Wikidata;;;;;;;;
96;Annie Albu, Amy Aylward, Kate Brand, Thekla Fischer, Ellen Orridge, Hannah Roby.;12;Kate Brand;2.0;16.666666666666664;4565.9369234987125;96;199;;person;;;;;not in Wikidata;TheMusicalTimes__1876-402.txt_1195;99419;99419;Annie Albu, Amy Aylward, Kate Brand, Thekla Fischer, Ellen Orridge, Hannah Roby.;TheMusicalTimes__1876-402.txt_1195;person;Kate Brand;23628;correct;;correct;;;Jo_Brand;https://en.wikipedia.org/wiki/Jo_Brand;Q3395525;23628;wrong;;wrong;;missing;;;not in Wikidata;;;;;;;;
97;Annie Albu, Amy Aylward, Kate Brand, Thekla Fischer, Ellen Orridge, Hannah Roby.;12;Thekla Fischer;2.0;16.666666666666664;4565.9369234987125;97;201;;person;;;;;not in Wikidata;TheMusicalTimes__1876-402.txt_1195;99419;99419;Annie Albu, Amy Aylward, Kate Brand, Thekla Fischer, Ellen Orridge, Hannah Roby.;TheMusicalTimes__1876-402.txt_1195;person;Thekla Fischer;23628;correct;;correct;;;Tibor_Fischer;https://en.wikipedia.org/wiki/Tibor_Fischer;Q367848;23628;wrong;;wrong;;missing;;;not in Wikidata;;;;;;;;
98;Annie Albu, Amy Aylward, Kate Brand, Thekla Fischer, Ellen Orridge, Hannah Roby.;12;Ellen Orridge;2.0;16.666666666666664;4565.9369234987125;98;203;;person;;;;;not in Wikidata;TheMusicalTimes__1876-402.txt_1195;99419;99419;Annie Albu, Amy Aylward, Kate Brand, Thekla Fischer, Ellen Orridge, Hannah Roby.;TheMusicalTimes__1876-402.txt_1195;person;Ellen Orridge;23628;correct;;correct;;;Ellen_Banks;https://en.wikipedia.org/wiki/Ellen_Banks;Q28673746;23628;wrong;;wrong;;missing;;;not in Wikidata;;;;;;;;
99;Annie Albu, Amy Aylward, Kate Brand, Thekla Fischer, Ellen Orridge, Hannah Roby.;12;Hannah Roby;2.0;16.666666666666664;4565.9369234987125;99;205;;person;;;;;not in Wikidata;TheMusicalTimes__1876-402.txt_1195;99419;99419;Annie Albu, Amy Aylward, Kate Brand, Thekla Fischer, Ellen Orridge, Hannah Roby.;TheMusicalTimes__1876-402.txt_1195;person;Hannah Roby;23628;correct;;correct;;;Erica_Roby;https://en.wikipedia.org/wiki/Erica_Roby;Q5387917;23628;wrong;;wrong;;missing;;;not in Wikidata;;;;;;;;
100;Una Fatale Immagine’’;3;Una Fatale Immagine;3.0;100.0;927341.463292136;100;207;;music;;;;;"Probably the title of a ""romanza"" by Vincenzo Gabussi.";TheMusicalWorld__1844-006.txt_266;112078;112078;Una Fatale Immagine’’;TheMusicalWorld__1844-006.txt_266;thing;Una Fatale Immagine;23628;wrong;music;correct;;;Una_Bala_es_mi_testigo;https://en.wikipedia.org/wiki/Una_Bala_es_mi_testigo;;23628;wrong;;;;missing;;;"Probably the title of a ""romanza"" by Vincenzo Gabussi.";;;;;;;;
101;We had been long ‘accustomed, indeed, to hear a few of the most pleasing of _them sung in The Beggar’s Opera, a circumstance owing to;26;The Beggar’s Opera;4.0;15.384615384615385;438.9495266101486;101;209;The Beggar’s Opera;opera;Q1472110;;;;the automatically retrieved qid was incorrect;TheHarmonicon__1828-001.txt_1079;133119;133119;We had been long ‘accustomed, indeed, to hear a few of the most pleasing of _them sung in The Beggar’s Opera, a circumstance owing to;TheHarmonicon__1828-001.txt_1079;opera;The Beggar Opera;23628;correct;;wrong;The Beggar’s Opera;The Beggar’s Opera;The_Beggar_(s3000 / song);https://en.wikipedia.org/wiki/The_Beggar_(s3000 / song);;23628;wrong;https://en.wikipedia.org/wiki/The_Beggar%27s_Opera;;Q1472110;yes;;;the automatically retrieved qid was incorrect;;;;;;;;
102;Both these pieces improve on repetition, “ Say, have you loved,” isa duet for soprano: and tenor.;16;Say, have you loved;5.0;31.25;1646.7162655748477;102;210;Say, have you loved;;;;;;"Not a valid named entity: ""Say, have you loved"" is a duet that we find in ""The fall of Algiers"", an opera in three acts by Henry R. Bishop. ";TheQuarterlyMusicalMagazineAndReview__1825-025.txt_2640;114695;114695;Both these pieces improve on repetition, “ Say, have you loved,” isa duet for soprano: and tenor.;TheQuarterlyMusicalMagazineAndReview__1825-025.txt_2640;music;Say , Have You Love );23628;wrong;;wrong;Say, have you loved;Say, have you loved;Say,_have_you_love-01;https://en.wikipedia.org/wiki/Say,_have_you_love-01;;23628;wrong;;;;missing;;;"Not a valid named entity: ""Say, have you loved"" is a duet that we find in ""The fall of Algiers"", an opera in three acts by Henry R. Bishop. ";;;;;;;;
103;—-Then ‘‘Turkish music at a distance.;6;;0.0;0.0;3714.6860727294725;103;213;;;;;;;not a valid named entity;TheHarmonicon__1828-001.txt_1393;133362;133362;—-Then ‘‘Turkish music at a distance.;TheHarmonicon__1828-001.txt_1393;country;Turkey;23628;wrong;;wrong;;Turkish;Turkey;https://en.wikipedia.org/wiki/Turkey;Q43;23628;wrong;;wrong;;missing;;;not a valid named entity;;;;;;;;
104;LES DIAMANS DE LA COURONNE.;5;Les diamants de la Couronne;5.0;100.0;56345.946998855536;104;215;LES DIAMANS DE LA COURONNE;work-of-art;Q467897;;;;the automatically retrieved qid was incorrect;TheMusicalWorld__1843-036.txt_735;111680;111680;LES DIAMANS DE LA COURONNE.;TheMusicalWorld__1843-036.txt_735;city;Los Diamans de La COURONne;23628;wrong;work-of-art;wrong;Les diamants de la Couronne;LES DIAMANS DE LA COURONNE;Lédânam;https://en.wikipedia.org/wiki/Lédânam;;23628;wrong;https://en.wikipedia.org/wiki/Les_diamants_de_la_couronne;;Q467897;yes;;;the automatically retrieved qid was incorrect;;;;;;;;
105;"Sommer, organist to the Court of Vienna; this is the greatest compliment which can be paid to his talents.";19;Sommer;1.0;5.263157894736842;86.08578750219208;105;216;;person;;;;;not enough context to determine the entity;TheQuarterlyMusicalMagazineAndReview__1828-037.txt_1570;119926;119926;"Sommer, organist to the Court of Vienna; this is the greatest compliment which can be paid to his talents.";TheQuarterlyMusicalMagazineAndReview__1828-037.txt_1570;person;Sommer;23628;correct;;correct;;;Vladimír_Sommer;https://en.wikipedia.org/wiki/Vladimír_Sommer;Q708909;23628;wrong;;wrong;;missing;;;not enough context to determine the entity;;;;;;;;
106;"Sommer, organist to the Court of Vienna; this is the greatest compliment which can be paid to his talents.";19;Court of Vienna;3.0;15.789473684210526;86.08578750219208;106;218;;government-organization;;;;;not in Wikidata;TheQuarterlyMusicalMagazineAndReview__1828-037.txt_1570;119926;119926;"Sommer, organist to the Court of Vienna; this is the greatest compliment which can be paid to his talents.";TheQuarterlyMusicalMagazineAndReview__1828-037.txt_1570;government-organization;Court of Vienna;23628;correct;;correct;;;Vienna_State_Opera;https://en.wikipedia.org/wiki/Vienna_State_Opera;Q209937;23628;wrong;;wrong;;missing;;;not in Wikidata;;;;;;;;
107;Haggart’s New Violoncello Music;5;Haggart;1.0;20.0;262510.187184706;107;221;;person;;;;not in Wikidata;;TheQuarterlyMusicalMagazineAndReview__1826-029.txt_419;122267;122267;Haggart’s New Violoncello Music;TheQuarterlyMusicalMagazineAndReview__1826-029.txt_419;person;Haggart;23628;correct;;correct;;;Bob_Haggart;https://en.wikipedia.org/wiki/Bob_Haggart;Q709321;23628;wrong;;wrong;;missing;;not in Wikidata;;;;;;;;;
108;The next is a solo for an alto, anda quartet from Naumann.;12;Naumann;1.0;8.333333333333332;443.8752232769114;108;224;;person;Q213927;;;;the automatically retrieved qid was incorrect;TheQuarterlyMusicalMagazineAndReview__1824-022.txt_3025;117980;117980;The next is a solo for an alto, anda quartet from Naumann.;TheQuarterlyMusicalMagazineAndReview__1824-022.txt_3025;person;Naumann;23628;correct;;correct;;;Ernst_Naumann;https://en.wikipedia.org/wiki/Ernst_Naumann;Q5395101;23628;wrong;https://en.wikipedia.org/wiki/Johann_Gottlieb_Naumann;wrong;Q213927;yes;;;the automatically retrieved qid was incorrect;;;;;;;;
109;Mr. Novello’s admiration of the author.;7;Mr. Novello;2.0;28.57142857142857;307.12972032110815;109;226;;person;Q2526705;;Vincent Novello, Organist to the Portuguese Embassy;. The Fitzwilliam Music, being a collection of Sacred Pieces selected from Manuscripts of Italian Composers in the Fitzwilliam Museum. Now for the first time published, by permission of the University of Cambridge, by Vincent Novello, Organist to the Portuguese Embassy. ;the automatically retrieved qid was incorrect;TheQuarterlyMusicalMagazineAndReview__1826-029.txt_3331;124393;124393;Mr. Novello’s admiration of the author.;TheQuarterlyMusicalMagazineAndReview__1826-029.txt_3331;person;Mr. Novello;23628;correct;;correct;;;Ivor_Novello;https://en.wikipedia.org/wiki/Ivor_Novello;Q436693;23628;wrong;https://en.wikipedia.org/wiki/Vincent_Novello;wrong;Q2526705;no;Vincent Novello, Organist to the Portuguese Embassy;. The Fitzwilliam Music, being a collection of Sacred Pieces selected from Manuscripts of Italian Composers in the Fitzwilliam Museum. Now for the first time published, by permission of the University of Cambridge, by Vincent Novello, Organist to the Portuguese Embassy. ;the automatically retrieved qid was incorrect;;;;;;;;
110;"I find the following sensible critical remarks among my papers; they were copied from a weekly work (the Court Magazine, I think)";22;Court Magazine;2.0;9.090909090909092;530.9335041839034;110;228;;magazine;Q3206551;;;;the automatically retrieved qid was incorrect;TheHarmonicon__1833-005.txt_1585;125890;125890;"I find the following sensible critical remarks among my papers; they were copied from a weekly work (the Court Magazine, I think)";TheHarmonicon__1833-005.txt_1585;magazine;Court Magazine;23628;correct;;correct;;;Judge_(magazine);https://en.wikipedia.org/wiki/Judge_(magazine);Q3187947;23628;wrong;https://en.wikipedia.org/wiki/La_Belle_Assembl%C3%A9e;wrong;Q3206551;yes;;;the automatically retrieved qid was incorrect;;;;;;;;
111;Vaughan was.the model, from whom;5;;0.0;0.0;8972.020786411707;111;230;;;;;;;Coreference resolution: the name mentioned doesn't appear in the original sentence where the pronoun is used instead. The pronoun refers to the Rev. John Walker;TheQuarterlyMusicalMagazineAndReview__1825-025.txt_3979;115620;115620;Vaughan was.the model, from whom;TheQuarterlyMusicalMagazineAndReview__1825-025.txt_3979;person;Vaughan;23628;wrong;;wrong;;Vaughan;Rhydian_Vaughan;https://en.wikipedia.org/wiki/Rhydian_Vaughan;Q5356565;23628;wrong;;wrong;;missing;;;Coreference resolution: the name mentioned doesn't appear in the original sentence where the pronoun is used instead. The pronoun refers to the Rev. John Walker;;;;;;;;He was.the model, from whom
112;Funeral of the: Baron Von Weber;6;Baron Von Weber;3.0;50.0;371.7454781152348;112;232;;person;Q154812;;;;the automatically retrieved qid was incorrect;TheQuarterlyMusicalMagazineAndReview__1826-029.txt_168;122103;122103;Funeral of the: Baron Von Weber;TheQuarterlyMusicalMagazineAndReview__1826-029.txt_168;person;Baron Von Weber;23628;correct;;correct;;;Karl_Ritter_von_Weber;https://en.wikipedia.org/wiki/Karl_Ritter_von_Weber;Q1364514;23628;wrong;https://en.wikipedia.org/wiki/Carl_Maria_von_Weber;wrong;Q154812;yes;;;the automatically retrieved qid was incorrect;;;;;;;;
113;The testimony of Mr. Daff and Mr. Pelzer. .;8;Mr. Duff;2.0;25.0;120.22741069531853;113;234;Mr. Daff;person;;;;;"not enough context to determine the entity; author of a song called ""Ladye Jane""";TheHarmonicon__1832-012.txt_348;128689;128689;The testimony of Mr. Daff and Mr. Pelzer. .;TheHarmonicon__1832-012.txt_348;person;Mr. Daff;23628;correct;;wrong;Mr. Duff;Mr. Daff;Al_Daff;https://en.wikipedia.org/wiki/Al_Daff;Q18810998;23628;wrong;;wrong;;missing;;;"not enough context to determine the entity; author of a song called ""Ladye Jane""";;;;;;;;
114;The testimony of Mr. Daff and Mr. Pelzer. .;8;Mr. Pelzer;2.0;25.0;120.22741069531853;114;236;;person;Q1405676;;Mr. Pelzer, the professor of the guitar;" MR. GODBE’S ANSWER TO MR. G. LINLEY.
How treated by Mr. Linley in his letter.
My Facts.
No notice whatever! 4th. I saw him on this subject early in November, when he finally proposed referring it to Mr. Pelzer, the professor of the guitar; a friend of his, and an entire stranger to me*®, then accidentally present, 5th. That gentleman positively declared, that there could be no doubt of Mr. Linley’s composition having been taken from mine; at the same time he expressed his belief, that this bad happened by accident, 6th. Mr. Linley proposed stating on his. song, that my quartett had been composed first.";the automatically retrieved qid was incorrect;TheHarmonicon__1832-012.txt_348;128689;128689;The testimony of Mr. Daff and Mr. Pelzer. .;TheHarmonicon__1832-012.txt_348;person;Mr. Pelzer;23628;correct;;correct;;;Dave_Pelzer;https://en.wikipedia.org/wiki/Dave_Pelzer;Q1173311;23628;wrong;https://en.wikipedia.org/wiki/Ferdinand_Pelzer;wrong;Q1405676;no;Mr. Pelzer, the professor of the guitar;" MR. GODBE’S ANSWER TO MR. G. LINLEY.
How treated by Mr. Linley in his letter.
My Facts.
No notice whatever! 4th. I saw him on this subject early in November, when he finally proposed referring it to Mr. Pelzer, the professor of the guitar; a friend of his, and an entire stranger to me*®, then accidentally present, 5th. That gentleman positively declared, that there could be no doubt of Mr. Linley’s composition having been taken from mine; at the same time he expressed his belief, that this bad happened by accident, 6th. Mr. Linley proposed stating on his. song, that my quartett had been composed first.";the automatically retrieved qid was incorrect;;;;;;;;
