	sent	sent_length	named entity (intern)	ne_length	ne_percentage	perplexity	Unnamed: 0	Unnamed: 0.1	named entity_asIs (intern)	type (intern)	qid (intern)	Is the sentence enough to infer the QID?	If not, report the context (specific string)	If not, report the context (broader)	comment (intern)	periodical_issue	sent_n	id	text	page_id	namedEntities_type	namedEntities_entityName	namedEntities_assessments_user	namedEntities_assessments_assessment	namedEntities_assessments_entityType	namedEntities_assessments_entityMention	namedEntities_assessments_correctEntityMention	namedEntities_assessments_ocrEntityMention	wikis_wiki	wikis_link	wikis_qid	wikis_assessments_user	wikis_assessments_assessment	wikis_assessments_wikiUrl	wikis_assessments_qidAssessment	wikis_assessments_wikiQid	wikis_assessments_sentenceEnough	wikis_assessments_contextString	wikis_assessments_contextBroader	wikis_assessments_comments	missingNamedEntities_user	missingNamedEntities_name	missingNamedEntities_nameOcr	missingNamedEntities_entityType	missingNamedEntities_wiki	missingNamedEntities_qid	missingNamedEntities_sentenceEnough	original_sentence
0	Inthe island of Ceylon, 1 Music appears to have been greatly cultivated, if we may judge by the number and form of their instruments.	24	Ceylon	1.0	4.166666666666666	209.97234731228818	0	0		island	Q854					TheQuarterlyMusicalMagazineAndReview__1826-029.txt_957	122643	122643	Inthe island of Ceylon, 1 Music appears to have been greatly cultivated, if we may judge by the number and form of their instruments.	TheQuarterlyMusicalMagazineAndReview__1826-029.txt_957	island	Ceylon	36136	correct		correct			Sri_Lanka	https://en.wikipedia.org/wiki/Sri_Lanka	Q854	36136	correct		correct													
1	(Gow and Son, 162, Regent Street.)	6	Regent Street	2.0	33.33333333333333	1202.9029185526988	1	3		road	Q1123106					TheHarmonicon__1824-016.txt_1568	137400	137400	(Gow and Son, 162, Regent Street.)	TheHarmonicon__1824-016.txt_1568	road	Regent Street	36136	correct		correct			Regent_Street	https://en.wikipedia.org/wiki/Regent_Street	Q1123106	36136	correct		correct													
2	(Gow and Son, 162, Regent Street.)	6		0.0	0.0	1202.9029185526988	2	5							not a valid named entity	TheHarmonicon__1824-016.txt_1568	137400	137400	(Gow and Son, 162, Regent Street.)	TheHarmonicon__1824-016.txt_1568	family	Gow and Son	36136	wrong		wrong			James_Smith_&_Sons	https://en.wikipedia.org/wiki/James_Smith_&_Sons	Q17542443	36136	wrong		wrong		missing			not a valid named entity								
3	evening ‘the ; Brooklyn Society.	4		0.0	0.0	29800.648303129303	3	7							not a valid named entity	DwightSJournalOfMusic__1870-021.txt_1038	95863	95863	evening ‘the ; Brooklyn Society.	DwightSJournalOfMusic__1870-021.txt_1038	event	Brooklyn Society	36136	wrong		wrong			Café_Society	https://en.wikipedia.org/wiki/Café_Society	Q747360	36136	wrong		wrong		missing			not a valid named entity								
4	We now open the volume, and the presentation-plate immediately attracts our notice—an elegant lithographed design by Hamerton.	19		0.0	0.0	2647.129458137231	4	8		person					materials do not give enough informations to find the entity	TheHarmonicon__1832-012.txt_1315	129465	129465	We now open the volume, and the presentation-plate immediately attracts our notice—an elegant lithographed design by Hamerton.	TheHarmonicon__1832-012.txt_1315	person	Hamerton	36136	correct		wrong			Philip_Gilbert_Hamerton	https://en.wikipedia.org/wiki/Philip_Gilbert_Hamerton	Q2086752	36136	wrong		wrong		missing			materials do not give enough informations to find the entity								
5	After having finished her studies in counterpoint under Ant.	9		0.0	0.0	1492.3628475461958	7	14							ocr problem	TheHarmonicon__1824-016.txt_53	136293	136293	After having finished her studies in counterpoint under Ant.	TheHarmonicon__1824-016.txt_53	person	Ant	36136	wrong		wrong			Ant_(producer)	https://en.wikipedia.org/wiki/Ant_(producer)	Q4770853	36136	wrong		wrong		missing			ocr problem								
6	Critics’ Labour Lost.	3		0.0	0.0	12126.760701596579	8	16							not a valid named entity	TheHarmonicon__1824-016.txt_2509	138079	138079	Critics’ Labour Lost.	TheHarmonicon__1824-016.txt_2509	political-party	Labour	36136	wrong		wrong			Labour_Party_(UK)	https://en.wikipedia.org/wiki/Labour_Party_(UK)	Q9630	36136	wrong		wrong		missing			not a valid named entity								
7	Storia di Musica, vol.	4	Storia della musica	3.0	75.0	1327.2069794126342	9	18	Storia di Musica	book					Book by Padre Martini, not in wikidata	TheQuarterlyMusicalMagazineAndReview__1826-029.txt_1361	122927	122927	Storia di Musica, vol.	TheQuarterlyMusicalMagazineAndReview__1826-029.txt_1361	journal	Storia di Musica	36136	wrong	book	wrong	Storia della musica	Storia di Musica	Showa_Academia_Musicae	https://en.wikipedia.org/wiki/Showa_Academia_Musicae	Q8189541	36136	wrong		wrong		missing			Book by Padre Martini, not in wikidata								
8	The King’s Theatre ........	4	The King 's Theatre	4.0	100.0	6497.4232233975545	10	20		building	Q1155331					TheQuarterlyMusicalMagazineAndReview__1828-037.txt_333	118932	118932	The King’s Theatre ........	TheQuarterlyMusicalMagazineAndReview__1828-037.txt_333	building	The King 's Theatre	36136	correct		correct			The_King's_(B3000 / Brisbane)	https://en.wikipedia.org/wiki/The_King's_(B3000 / Brisbane)		36136	wrong	https://en.wikipedia.org/wiki/His_Majesty%27s_Theatre,_London		Q1155331	yes											
9	dward W. Bradley, Esq.,	4	W. Bradley	2.0	50.0	501.4619960777099	11	22		person					materials do not give enough informations	TheMusicalTimes__1876-397.txt_637	104340	104340	dward W. Bradley, Esq.,	TheMusicalTimes__1876-397.txt_637	person	Dward W. Bradley	36136	correct		wrong	W. Bradley		Willis_W._Bradley	https://en.wikipedia.org/wiki/Willis_W._Bradley	Q2581565	36136	wrong		wrong		missing			materials do not give enough informations								
10	The testimony of Mr. Pelzer.	5	Mr. Pelzer	2.0	40.0	198.1590367441555	12	24		person					materials do not give enough informations	TheHarmonicon__1832-012.txt_349	128690	128690	The testimony of Mr. Pelzer.	TheHarmonicon__1832-012.txt_349	person	Mr. Pelzer	36136	correct		correct			Dave_Pelzer	https://en.wikipedia.org/wiki/Dave_Pelzer	Q1173311	36136	wrong		wrong		missing			materials do not give enough informations								
11	cccccccccccecccccesescssscccecse Philharmonic Society	3	Philharmonic Society	2.0	66.66666666666666	38462.09977282621	13	26	cccccccccccecccccesescssscccecse Philharmonic Society	organization	Q1292443					TheQuarterlyMusicalMagazineAndReview__1828-037.txt_361	118949	118949	cccccccccccecccccesescssscccecse Philharmonic Society	TheQuarterlyMusicalMagazineAndReview__1828-037.txt_361	organization	cccccccccecccesescssscccecse Philharmonic Society	36136	correct		wrong	Philharmonic Society	cccccccccccecccccesescssscccecse Philharmonic Society	CCCC_(o3000 / organization)	https://en.wikipedia.org/wiki/CCCC_(o3000 / organization)		36136	wrong	https://en.wikipedia.org/wiki/Royal_Philharmonic_Society		Q1292443	yes											
12	A building of white marble (costing 3170,000° besides the land) has been erected on the corner of Charles street and Mount.	22	Charles Street	2.0	9.090909090909092	358.88796143787465	14	28		street					materials do not give enough informations	DwightSJournalOfMusic__1870-021.txt_518	95455	95455	A building of white marble (costing 3170,000° besides the land) has been erected on the corner of Charles street and Mount.	DwightSJournalOfMusic__1870-021.txt_518	street	Charles Street	36136	correct		correct			Charles_Street_(Baltimore)	https://en.wikipedia.org/wiki/Charles_Street_(Baltimore)	Q2449172	36136	wrong		wrong		missing			materials do not give enough informations								
13	ae Mr. Cianchettini	3	Mr. Cianchettini	2.0	66.66666666666666	954.0133031852563	15	31		person	Q18819786		by Pio Cianchettini 	". XIX. The Pleasures of Benevolence : set to Music by Pp. Cianchettini 2. La Partanza, Canzonetta, by Pio Cianchettini 3. Pll meet thee nigh the Time of Lovers; written by David Lyndsay ; composed by Miss Figge ....sccccseecceess XX. New Ballads........ Ne ence eee eee eens eee neeees sees XXII. ’Tis Law! ‘tis Law! written and adapted to the Sopuilar French Air, C’est l'amour, and affectionately ingeribed to.
"	not in wikidata	TheQuarterlyMusicalMagazineAndReview__1825-025.txt_3271	115140	115140	ae Mr. Cianchettini	TheQuarterlyMusicalMagazineAndReview__1825-025.txt_3271	person	Mr. Cianchettini	36136	correct		correct			Buddy_Cianci	https://en.wikipedia.org/wiki/Buddy_Cianci	Q598162	36136	wrong		wrong	Q18819786	no	by Pio Cianchettini 	". XIX. The Pleasures of Benevolence : set to Music by Pp. Cianchettini 2. La Partanza, Canzonetta, by Pio Cianchettini 3. Pll meet thee nigh the Time of Lovers; written by David Lyndsay ; composed by Miss Figge ....sccccseecceess XX. New Ballads........ Ne ence eee eee eens eee neeees sees XXII. ’Tis Law! ‘tis Law! written and adapted to the Sopuilar French Air, C’est l'amour, and affectionately ingeribed to.
"	not in wikidata								
14	Translated by John Bishop, and dedicated to the Author's friend, Professor Taylor.	13	John Bishop	2.0	15.384615384615385	97.02453708538788	16	33		person					not in wikidata or wikipedia	TheMusicalWorld__1843-036.txt_756	111695	111695	Translated by John Bishop, and dedicated to the Author's friend, Professor Taylor.	TheMusicalWorld__1843-036.txt_756	person	John Bishop	36136	correct		correct			William_John_Bishop	https://en.wikipedia.org/wiki/William_John_Bishop	Q63191799	36136	wrong		wrong		missing			not in wikidata or wikipedia								
15	Translated by John Bishop, and dedicated to the Author's friend, Professor Taylor.	13	Professor Taylor	2.0	15.384615384615385	97.02453708538788	17	35		person					materials do not give enough informations to find this person	TheMusicalWorld__1843-036.txt_756	111695	111695	Translated by John Bishop, and dedicated to the Author's friend, Professor Taylor.	TheMusicalWorld__1843-036.txt_756	person	Professor Taylor	36136	correct		correct			D._J._Taylor	https://en.wikipedia.org/wiki/D._J._Taylor	Q5203669	36136	wrong		wrong		missing			materials do not give enough informations to find this person								
16	From Gounod's“‘ Faust.	4	Gounod	1.0	25.0	1791.4895496009322	18	37	Gounod 's Faust	person	Q180278					TheMusicalTimes__1876-402.txt_3831	101154	101154	From Gounod's“‘ Faust.	TheMusicalTimes__1876-402.txt_3831	book	Gounod 's Faust	36136	wrong	person	wrong	Gounod	Gounod 's Faust	The_Gounod_(V3000 / Vargas_Llosa_novel)	https://en.wikipedia.org/wiki/The_Gounod_(V3000 / Vargas_Llosa_novel)		36136	wrong	https://en.wikipedia.org/wiki/Charles_Gounod		Q180278	yes											
17	The testimony of Mr. Duff.	5	Mr. Duff	2.0	40.0	198.1590367441555	20	43		person					materials do not give enough informations 	TheHarmonicon__1832-012.txt_350	128691	128691	The testimony of Mr. Duff.	TheHarmonicon__1832-012.txt_350	person	Mr. Duff	36136	correct		correct			James_Duff_Duff	https://en.wikipedia.org/wiki/James_Duff_Duff	Q6132894	36136	wrong		wrong		missing			materials do not give enough informations 								
18	: below the line | to Eee Ivish Times.	8		0.0	0.0	6175.4323881909	21	45							it may be The Musical Times but the ocr problem doesn't allow to define it	TheMusicalTimes__1875-388.txt_618	101704	101704	: below the line | to Eee Ivish Times.	TheMusicalTimes__1875-388.txt_618	newspaper	Eee Ivish Times	36136	wrong		wrong			EE_Times	https://en.wikipedia.org/wiki/EE_Times	Q5322946	36136	wrong		wrong		missing			it may be The Musical Times but the ocr problem doesn't allow to define it								
19	1.— Coventry Ilollier.	3		0.0	0.0	766904.5998216982	22	47							ocr problems	TheMusicalWorld__1843-029.txt_268	109949	109949	1.— Coventry Ilollier.	TheMusicalWorld__1843-029.txt_268	person	Coventry Ilollier	36136	wrong		wrong			Gabriel_Achilier	https://en.wikipedia.org/wiki/Gabriel_Achilier	Q2007275	36136	wrong		wrong		missing			ocr problems								
20	ose E. J. Loder.	4	E. J. Loder	3.0	75.0	2189.176599654621	23	49		person	Q5344199					TheMusicalTimes__1873-366.txt_647	107042	107042	ose E. J. Loder.	TheMusicalTimes__1873-366.txt_647	person	E. J. Loder	36136	correct		correct			John_Loder_(sound_engineer)	https://en.wikipedia.org/wiki/John_Loder_(sound_engineer)	Q6245113	36136	wrong	https://en.wikipedia.org/wiki/Edward_Loder	wrong	Q5344199	yes											
21	- ROSE MARIE...	2		0.0	0.0	312487.06786204263	24	51							not a valid named entity	TheMusicalTimes__1875-388.txt_2924	103451	103451	- ROSE MARIE...	TheMusicalTimes__1875-388.txt_2924	person	Rose Marie	36136	wrong		wrong			Rose_Marie	https://en.wikipedia.org/wiki/Rose_Marie	Q94487	36136	wrong		wrong		missing			not a valid named entity								
22	; par J. Moscheles.	3	 J. Moscheles	3.0	100.0	2913.830909395009	25	53	Par J. Moscheles	person	Q159551					TheQuarterlyMusicalMagazineAndReview__1826-029.txt_2081	123458	123458	; par J. Moscheles.	TheQuarterlyMusicalMagazineAndReview__1826-029.txt_2081	person	Par J. Moscheles	36136	correct		wrong	 J. Moscheles	Par J. Moscheles	Felix_Moscheles	https://en.wikipedia.org/wiki/Felix_Moscheles	Q55999	36136	wrong	https://en.wikipedia.org/wiki/Ignaz_Moscheles	wrong	Q159551	yes											
23	Nevertheless Mr. Phillips has contrived to tell a very different story in the music, which is dramatic and effective.	19	Mr. Phillips	2.0	10.526315789473683	107.50786097889431	26	55		person	Q18671452		"Aria....Mr. H. Phillips.... “ Quisdegno”.... \Zauberflote)
"	"Aria....Mr. H. Phillips.... “ Quisdegno”.... \Zauberflote)
"		TheMusicalWorld__1843-038.txt_574	110898	110898	Nevertheless Mr. Phillips has contrived to tell a very different story in the music, which is dramatic and effective.	TheMusicalWorld__1843-038.txt_574	person	Mr. Phillips	36136	correct		correct			Sam_Phillips	https://en.wikipedia.org/wiki/Sam_Phillips	Q321354	36136	wrong	https://en.wikipedia.org/wiki/Henry_Phillips_(singer)	wrong	Q18671452	no	"Aria....Mr. H. Phillips.... “ Quisdegno”.... \Zauberflote)
"	"Aria....Mr. H. Phillips.... “ Quisdegno”.... \Zauberflote)
"									
24	The Poem by Vincent Amcotts.	5	Vincent Amcotts	2.0	40.0	11268.812399004597	27	57		person					not able to indentify the person because the two wikidata pages with this name have too little informations	TheMusicalTimes__1876-397.txt_2472	105730	105730	The Poem by Vincent Amcotts.	TheMusicalTimes__1876-397.txt_2472	person	Vincent Amcotts	36136	correct		correct			Vincent_Buckley	https://en.wikipedia.org/wiki/Vincent_Buckley	Q7931698	36136	wrong		wrong		missing			not able to indentify the person because the two wikidata pages with this name have too little informations								
25	Part I. contains four Songs, arranged by Mrs. Mounsey BartnoLomew.	10	Mounsey Bartholomew	2.0	20.0	536.9082919455465	28	59	Mounsey BartnoLomew	person					not in wikidata	TheMusicalTimes__1875-388.txt_2800	103365	103365	Part I. contains four Songs, arranged by Mrs. Mounsey BartnoLomew.	TheMusicalTimes__1875-388.txt_2800	person	Mrs. Mounsey BartnoLomew	36136	correct		wrong	Mounsey Bartholomew	Mounsey BartnoLomew	Nana_Mouskouri	https://en.wikipedia.org/wiki/Nana_Mouskouri	Q154662	36136	wrong		wrong		missing			not in wikidata								
26	c.ss+eseeserceeevececees New Musical Fund.........	4	New Musical Fund	3.0	75.0	193157.72751394458	29	61	c.ss+eseeserceeevececees New Musical Fund						materials do not give enough informations	TheQuarterlyMusicalMagazineAndReview__1825-025.txt_255	112827	112827	c.ss+eseeserceeevececees New Musical Fund.........	TheQuarterlyMusicalMagazineAndReview__1825-025.txt_255	organization	c.ss+eseeserceeevececees New Musical Fund	36136	wrong		wrong	New Musical Fund	c.ss+eseeserceeevececees New Musical Fund	Steven_Spring_Foundation	https://en.wikipedia.org/wiki/Steven_Spring_Foundation		36136	wrong				missing			materials do not give enough informations								
27	See Musical Review, vol.	4	Musical Review	2.0	50.0	628.5357325893684	30	63		publication					not in wikidata	TheQuarterlyMusicalMagazineAndReview__1824-022.txt_401	115989	115989	See Musical Review, vol.	TheQuarterlyMusicalMagazineAndReview__1824-022.txt_401	publication	Musical Review	36136	correct		correct			The_Musical_Quarterly	https://en.wikipedia.org/wiki/The_Musical_Quarterly	Q1763768	36136	wrong		wrong		missing			not in wikidata								
28	the Lord OZART’S	4	Mozart	1.0	25.0	15045.881862214334	31	65	Ozart	person	Q254		"fOZART’S TWELFTH MASS.
"	"fOZART’S TWELFTH MASS.
"		TheMusicalTimes__1873-366.txt_4134	109396	109396	the Lord OZART’S	TheMusicalTimes__1873-366.txt_4134	person	Lord Ozart	36136	correct		wrong	Mozart	Ozart	Lord_Voldemort	https://en.wikipedia.org/wiki/Lord_Voldemort	Q176132	36136	wrong	https://en.wikipedia.org/wiki/Wolfgang_Amadeus_Mozart	wrong	Q254	no	"fOZART’S TWELFTH MASS.
"	"fOZART’S TWELFTH MASS.
"									
29	The same leading pheno-— mena, it will be seen, are still in progress.	13		0.0	0.0	312.9085368743269	32	67							Not a valid named entity	TheQuarterlyMusicalMagazineAndReview__1824-022.txt_2788	117784	117784	The same leading pheno-— mena, it will be seen, are still in progress.	TheQuarterlyMusicalMagazineAndReview__1824-022.txt_2788	phenomenon	Pheno-—mena	36136	wrong		wrong			Pheno-mena	https://en.wikipedia.org/wiki/Pheno-mena		36136	wrong				missing			Not a valid named entity								
30	ceccccsscenccceccccussaeceees School of Lombardy ..	4	School of Lombardy	3.0	75.0	1230.8669026722403	34	71	ceccccsscenccceccccussaeceees School of Lombardy	school					materials do not give enough informations	TheQuarterlyMusicalMagazineAndReview__1825-025.txt_240	112816	112816	ceccccsscenccceccccussaeceees School of Lombardy ..	TheQuarterlyMusicalMagazineAndReview__1825-025.txt_240	school	ceccccsscenccceccccussaeceees School of Lombardy	36136	correct		wrong	School of Lombardy	ceccccsscenccceccccussaeceees School of Lombardy	Lombardy	https://en.wikipedia.org/wiki/Lombardy	Q1210	36136	wrong		wrong		missing			materials do not give enough informations								
31	In some other instances Mr. Moore very narrowly escapes, if.	10	Mr. Moore	2.0	20.0	713.3618297160573	35	73		person	Q315346		 or the celebrated Thomas Moore sing	"It is sufficient to see the Beggar’s Opera, or to hear Miss ‘Stephens, or the celebrated Thomas Moore sing, to determine that the Englishman possesses great sensibility and love for music.
"		TheQuarterlyMusicalMagazineAndReview__1824-022.txt_3345	118216	118216	In some other instances Mr. Moore very narrowly escapes, if.	TheQuarterlyMusicalMagazineAndReview__1824-022.txt_3345	person	Mr. Moore	36136	correct		correct			Archie_Moore	https://en.wikipedia.org/wiki/Archie_Moore	Q470731	36136	wrong	https://en.wikipedia.org/wiki/Thomas_Moore	wrong	Q315346	no	 or the celebrated Thomas Moore sing	"It is sufficient to see the Beggar’s Opera, or to hear Miss ‘Stephens, or the celebrated Thomas Moore sing, to determine that the Englishman possesses great sensibility and love for music.
"									
32	The great drawback upon her singing was an occasional infirmity in the’ sustaining power, not unlike, though not to the same extent, as the trembling of voice observed in Mademoiselle Bonini.	31	Mademoiselle Bonini	2.0	6.451612903225806	549.7385881360759	36	75		person					not in wikidata	TheQuarterlyMusicalMagazineAndReview__1828-037.txt_2235	120402	120402	The great drawback upon her singing was an occasional infirmity in the’ sustaining power, not unlike, though not to the same extent, as the trembling of voice observed in Mademoiselle Bonini.	TheQuarterlyMusicalMagazineAndReview__1828-037.txt_2235	person	Mademoiselle Bonini	36136	correct		correct			Luisella_Boni	https://en.wikipedia.org/wiki/Luisella_Boni	Q3840482	36136	wrong		wrong		missing			not in wikidata								
33	Dibdin ... flourished.	2		0.0	0.0	3155.1774514465537	37	77							not a valid named entity	TheQuarterlyMusicalMagazineAndReview__1824-022.txt_213	115873	115873	Dibdin ... flourished.	TheQuarterlyMusicalMagazineAndReview__1824-022.txt_213	city	Dibin	36136	wrong		wrong			Dibin	https://en.wikipedia.org/wiki/Dibin		36136	wrong				missing			not a valid named entity								
34	10, Francois Lanza—professor of the piano forte.	8	Francois Lanza	2.0	25.0	1377.1408335883852	38	79		person					not in wikidata	TheQuarterlyMusicalMagazineAndReview__1828-037.txt_1721	120029	120029	10, Francois Lanza—professor of the piano forte.	TheQuarterlyMusicalMagazineAndReview__1828-037.txt_1721	person	Francois Lanza	36136	correct		correct			François_Lanzi	https://en.wikipedia.org/wiki/François_Lanzi	Q3085090	36136	wrong		wrong		missing			not in wikidata								
35	Songs by Henry Isaac Robert Mott 2...	7	Henry Isaac Robert Mott	4.0	57.14285714285714	61449.883306133066	39	81		person					not in wikidata or wikipedia	TheQuarterlyMusicalMagazineAndReview__1825-025.txt_156	112764	112764	Songs by Henry Isaac Robert Mott 2...	TheQuarterlyMusicalMagazineAndReview__1825-025.txt_156	person	Henry Isaac Robert Mott	36136	correct		correct			John_Mott	https://en.wikipedia.org/wiki/John_Mott	Q159726	36136	wrong		wrong		missing			not in wikidata or wikipedia								
36	Miss C. Novello. .	3	Miss C. Novello	3.0	100.0	552.3324138098149	40	83		person	Q4322567					TheMusicalWorld__1843-038.txt_361	110718	110718	Miss C. Novello. .	TheMusicalWorld__1843-038.txt_361	person	Miss C. Novello	36136	correct		correct			Miss_Read	https://en.wikipedia.org/wiki/Miss_Read	Q273448	36136	wrong	https://en.wikipedia.org/wiki/Clara_Novello	wrong	Q4322567	yes											
37	(Manager of King’ s Theatre)	5	King’s Theatre	3.0	60.0	2571.067738117305	41	85		building	Q1155331					TheQuarterlyMusicalMagazineAndReview__1828-037.txt_139	118797	118797	(Manager of King’ s Theatre)	TheQuarterlyMusicalMagazineAndReview__1828-037.txt_139	organization	King’s Theatre	36136	wrong	building	correct			King’s	https://en.wikipedia.org/wiki/King’s		36136	wrong	https://en.wikipedia.org/wiki/His_Majesty%27s_Theatre,_London		Q1155331	yes											
38	£4 for allowing two airs from Wallace’s	9	Wallace	1.0	11.11111111111111	5478.459693107349	42	87		person	Q2245188					TheMusicalTimes__1876-397.txt_1277	104832	104832	£4 for allowing two airs from Wallace’s	TheMusicalTimes__1876-397.txt_1277	broadcast-program	Wallace	36136	wrong	person	correct			MZ_Wallace	https://en.wikipedia.org/wiki/MZ_Wallace		36136	wrong	https://en.wikipedia.org/wiki/William_Vincent_Wallace		Q2245188	yes											
39	Yes” he says to Eugéne Verneuil, “	6	Eugéne Verneuil	2.0	33.33333333333333	2222.8779807521782	43	90		person					not in wikidata	TheHarmonicon__1828-001.txt_1878	133757	133757	Yes” he says to Eugéne Verneuil, “	TheHarmonicon__1828-001.txt_1878	person	Eugéne Verneuil	36136	correct		correct			Henri_Verneuil	https://en.wikipedia.org/wiki/Henri_Verneuil	Q55394	36136	wrong		wrong		missing			not in wikidata								
40	Mornine Sone .-	2		0.0	0.0	992298.5656103936	44	91							ocr problems	TheMusicalTimes__1875-388.txt_1503	102362	102362	Mornine Sone .-	TheMusicalTimes__1875-388.txt_1503	person	Mornine Sone	36136	wrong		wrong			Chūsei_Sone	https://en.wikipedia.org/wiki/Chūsei_Sone	Q402479	36136	wrong		wrong		missing			ocr problems								
41	Unfortunately, Stradler was: imprudent enough to entrust the money to his debtor, who unserupulously put the money in his pocket, and left his too confiding friend to get out of the dilemma in the best way Stradler could.	38	Stradler	1.0	2.631578947368421	189.73081975442364	45	93		person					the entity mentioned is Anton Stradler, who doesn't have a wikipedia or a wikidata page	DwightSJournalOfMusic__1875-006.txt_400	94189	94189	Unfortunately, Stradler was: imprudent enough to entrust the money to his debtor, who unserupulously put the money in his pocket, and left his too confiding friend to get out of the dilemma in the best way Stradler could.	DwightSJournalOfMusic__1875-006.txt_400	person	Stradler	36136	correct		correct			George_Stigler	https://en.wikipedia.org/wiki/George_Stigler	Q243534	36136	wrong		wrong		missing			the entity mentioned is Anton Stradler, who doesn't have a wikipedia or a wikidata page								
42	Miss C. Novello..	3	Miss C. Novello	3.0	100.0	552.3324138098149	46	95		person	Q4322567					TheMusicalWorld__1843-038.txt_299	110689	110689	Miss C. Novello..	TheMusicalWorld__1843-038.txt_299	person	Miss C. Novello	36136	correct		correct			Miss_Read	https://en.wikipedia.org/wiki/Miss_Read	Q273448	36136	wrong	https://en.wikipedia.org/wiki/Clara_Novello	wrong	Q4322567	yes											
43	Air Suisse, varieé	3	Air Suisse	2.0	66.66666666666666	2748.9182305078	47	97		music					not able to define who wrote this variation	TheQuarterlyMusicalMagazineAndReview__1828-037.txt_348	118939	118939	Air Suisse, varieé	TheQuarterlyMusicalMagazineAndReview__1828-037.txt_348	country	Air Suisse	36136	wrong	music	correct			Air_France	https://en.wikipedia.org/wiki/Air_France	Q131005	36136	wrong		wrong		missing			not able to define who wrote this variation								
44	‘ Unser Pater.	2		0.0	0.0	77524.45104368383	48	99							not a valid named entity	TheHarmonicon__1832-012.txt_1258	129419	129419	‘ Unser Pater.	TheHarmonicon__1832-012.txt_1258	person	Unser Pater	36136	wrong		wrong			Walter_Pater	https://en.wikipedia.org/wiki/Walter_Pater	Q352528	36136	wrong		wrong		missing			not a valid named entity								
45	Now let us look at an account of the. closing of the King’s Theatre, last season.	17	King's Theatre	3.0	17.647058823529413	124.6108248053525	49	101		building	Q1155331					TheHarmonicon__1832-012.txt_1655	129726	129726	Now let us look at an account of the. closing of the King’s Theatre, last season.	TheHarmonicon__1832-012.txt_1655	building	King's Theatre	36136	correct		correct			King's_(B3000 / Brisbane)	https://en.wikipedia.org/wiki/King's_(B3000 / Brisbane)		36136	wrong	https://en.wikipedia.org/wiki/His_Majesty%27s_Theatre,_London		Q1155331	yes											
46	Mr. Bishop has had a large experience in the management of these performances.	13	Mr. Bishop	2.0	15.384615384615385	133.19042004156324	50	103		person	Q1200639		 by Henry R. Bishop 	"with Symphonies and Accompaniments by Henry R. Bishop Bayly, Esq. the Music by John Barnett. ............+4.
"		TheQuarterlyMusicalMagazineAndReview__1828-037.txt_2281	120442	120442	Mr. Bishop has had a large experience in the management of these performances.	TheQuarterlyMusicalMagazineAndReview__1828-037.txt_2281	person	Mr. Bishop	36136	correct		correct			John_Bishop	https://en.wikipedia.org/wiki/John_Bishop	Q6222003	36136	wrong	https://en.wikipedia.org/wiki/Henry_Bishop_(composer)	wrong	Q1200639	no	 by Henry R. Bishop 	"with Symphonies and Accompaniments by Henry R. Bishop Bayly, Esq. the Music by John Barnett. ............+4.
"									
47	* and then for further information upon the subject we are referred to Stainer’s	14	Stainer	1.0	7.142857142857142	219.13392391608846	51	105	Stainer’s	person	Q1388550		Stainer's Harmony.	"[Dr. Stainer would certainly call the chord you have quoted the dominant minor thirteenth in the key of B flat, resolved on the tonic; and he would treat the C$ as a Dp. He would probably account for the major ninth (Gf not Gb) in it by the custom of modern composers, which he refers to on p. 92 of his book, of combining major and minor harmonies in the same chord. For ourselves, we must confess that we think Richter’s system simpler. He would call ita ‘“‘chromatically altered chord,” and would treat it as the ordinary dominant ninth in a complete form, but with the fifth of the root chromatically raised. The resolution of the chord is regular in both cases; and either explanation appears to us satisfactory.—Tihe Reviewer of “* Stainer's Harmony.” ]
"		TheMusicalTimes__1876-397.txt_1850	105188	105188	* and then for further information upon the subject we are referred to Stainer’s	TheMusicalTimes__1876-397.txt_1850	publication	Stainer's	36136	wrong	person	wrong	Stainer	Stainer’s	Stainer's_Dictionary	https://en.wikipedia.org/wiki/Stainer's_Dictionary		36136	wrong	https://en.wikipedia.org/wiki/John_Stainer		Q1388550	no	Stainer's Harmony.	"[Dr. Stainer would certainly call the chord you have quoted the dominant minor thirteenth in the key of B flat, resolved on the tonic; and he would treat the C$ as a Dp. He would probably account for the major ninth (Gf not Gb) in it by the custom of modern composers, which he refers to on p. 92 of his book, of combining major and minor harmonies in the same chord. For ourselves, we must confess that we think Richter’s system simpler. He would call ita ‘“‘chromatically altered chord,” and would treat it as the ordinary dominant ninth in a complete form, but with the fifth of the root chromatically raised. The resolution of the chord is regular in both cases; and either explanation appears to us satisfactory.—Tihe Reviewer of “* Stainer's Harmony.” ]
"									
48	LES DIAMANS DE LA COURONNE,	5	LES DIAMANS DE LA COURONNE	5.0	100.0	56345.946998855536	52	107		work-of-art	Q467897					TheMusicalWorld__1843-038.txt_825	111061	111061	LES DIAMANS DE LA COURONNE,	TheMusicalWorld__1843-038.txt_825	city	Le Dâmas de La COURONne	36136	wrong	work-of-art	wrong	LES DIAMANS DE LA COURONNE		Lédânam	https://en.wikipedia.org/wiki/Lédânam		36136	wrong	https://en.wikipedia.org/wiki/Les_diamants_de_la_couronne		Q467897	yes											
49	Mr. Moscheles was exposed to censure for the too crowded state of his room, and with a little too much severity.	21	Mr. Moscheles	2.0	9.523809523809524	134.476428553586	53	109		person	Q159551		" Gems a la Pasta, a Dramatic Fantasia, by J. Moscheles. London.
"	"Gems a la Pasta, a Dramatic Fantasia, by J. Moscheles. London.
"	Gems a la pasta is a compositzion by Ignaz Moscheles	TheQuarterlyMusicalMagazineAndReview__1828-037.txt_3573	121068	121068	Mr. Moscheles was exposed to censure for the too crowded state of his room, and with a little too much severity.	TheQuarterlyMusicalMagazineAndReview__1828-037.txt_3573	person	Mr. Moscheles	36136	correct		correct			Felix_Moscheles	https://en.wikipedia.org/wiki/Felix_Moscheles	Q55999	36136	wrong	https://en.wikipedia.org/wiki/Ignaz_Moscheles#Music	wrong	Q159551	no	" Gems a la Pasta, a Dramatic Fantasia, by J. Moscheles. London.
"	"Gems a la Pasta, a Dramatic Fantasia, by J. Moscheles. London.
"	Gems a la pasta is a compositzion by Ignaz Moscheles								
50	From the Journal of Speculative Philosophy, Oct. 1873.	8	Journal of Speculative Philosophy	4.0	50.0	82.81415592833685	54	112		journal	Q6295957					DwightSJournalOfMusic__1873-016.txt_278	97635	97635	From the Journal of Speculative Philosophy, Oct. 1873.	DwightSJournalOfMusic__1873-016.txt_278	journal	Journal of Speculative Philosophy	36136	correct		correct			Journal_of_Speculative_Philosophy	https://en.wikipedia.org/wiki/Journal_of_Speculative_Philosophy	Q6295957	36136	correct		correct													
51	next essay will contain observations on the music of the Persians.	11		0.0	0.0	222.7055639504081	55	113							not a valid named entity	TheQuarterlyMusicalMagazineAndReview__1826-029.txt_1178	122799	122799	next essay will contain observations on the music of the Persians.	TheQuarterlyMusicalMagazineAndReview__1826-029.txt_1178	country	Persia	36136	wrong		wrong			Iran	https://en.wikipedia.org/wiki/Iran	Q794	36136	wrong		wrong		missing			not a valid named entity								
52	Hoog held the first rank asa bassoon.	7	Hoog	1.0	14.285714285714285	6954.975471346204	56	115		person					materials do not give enough informations	TheQuarterlyMusicalMagazineAndReview__1824-022.txt_1293	116696	116696	Hoog held the first rank asa bassoon.	TheQuarterlyMusicalMagazineAndReview__1824-022.txt_1293	person	Hoog	36136	correct		correct			Gustav_Höög	https://en.wikipedia.org/wiki/Gustav_Höög	Q20872375	36136	wrong		wrong		missing			materials do not give enough informations								
53	It is a curious fact, that no pianist has ever commanded the attention Mr. M. has attracted from inixed audiences.	20	Mr. M.	2.0	10.0	297.0567711945019	57	117		person	Q159551		 par J. Moscheles	"viously not very deeply acquainted. His. manner is colloquial and easy, and for that very reason will probably be better relished by those whom he addresses.
No.1. Introduction et Rondeau Ecossais, concertans. pour Piano Forte et Violon.; par J. Moscheles. London. Cramer, Addison, and Beale. .
No. 2. “ Amicitia,” Sonata for the Piano Forte, with Accompani- ment for the Flute and Violin (ad lib) ; composed by J. B. Cramer. London. Addison and Beale. — . The first of these pieces is in‘a style old enough in popularity, but quite novel asa subject treated by the able pen of Mr. Mos- cheles.# He has here given us'a pleasing and sprightly melody, “ Alla scozzeze,”’ worked up sufficiently to-make it interesting ."		TheQuarterlyMusicalMagazineAndReview__1826-029.txt_2103	123472	123472	It is a curious fact, that no pianist has ever commanded the attention Mr. M. has attracted from inixed audiences.	TheQuarterlyMusicalMagazineAndReview__1826-029.txt_2103	person	Mr. M.	36136	correct		correct			"'Joe_""Mr_Piano""_Henderson'"	"https://en.wikipedia.org/wiki/'Joe_""Mr_Piano""_Henderson'"		36136	wrong	https://en.wikipedia.org/wiki/Ignaz_Moscheles		Q159551	no	 par J. Moscheles	"viously not very deeply acquainted. His. manner is colloquial and easy, and for that very reason will probably be better relished by those whom he addresses.
No.1. Introduction et Rondeau Ecossais, concertans. pour Piano Forte et Violon.; par J. Moscheles. London. Cramer, Addison, and Beale. .
No. 2. “ Amicitia,” Sonata for the Piano Forte, with Accompani- ment for the Flute and Violin (ad lib) ; composed by J. B. Cramer. London. Addison and Beale. — . The first of these pieces is in‘a style old enough in popularity, but quite novel asa subject treated by the able pen of Mr. Mos- cheles.# He has here given us'a pleasing and sprightly melody, “ Alla scozzeze,”’ worked up sufficiently to-make it interesting ."									
54	At St. Michael’s the anthem	6	St. Michael's	3.0	50.0	1802.6498264038894	58	119		worship-place	Q7594766		St. Michael’s Church, Hulme, Manchester	"THIS anthem was composed last year for the commemmoration festival at St. Michael’s Church, Hulme, Manchester. It is a work of some length, and-consists of three movements, well contrasted, effective and brilliant ; the whole terminating with a fugue which cannot fail to enhance the author’s reputation. We must, however, confess that the somewhat sensational nature of the harmonies, though fashionable now-a-days, gives the hearer a feeling of restlessness, and the work a somewhat similar character. .
"	materials located the church in Manchester, but is probably an ocr problem and they actually refer to the St. Michael's Church of the diocese of Chester	TheMusicalTimes__1875-388.txt_2195	102944	102944	At St. Michael’s the anthem	TheMusicalTimes__1875-388.txt_2195	building	St. Michael's	36136	wrong	worship-place	correct			St._Michael's_(s3000 / stadium)	https://en.wikipedia.org/wiki/St._Michael's_(s3000 / stadium)		36136	wrong	https://en.wikipedia.org/wiki/St_Michael%27s_Church,_Hulme_Walfield		Q7594766	no	St. Michael’s Church, Hulme, Manchester	"THIS anthem was composed last year for the commemmoration festival at St. Michael’s Church, Hulme, Manchester. It is a work of some length, and-consists of three movements, well contrasted, effective and brilliant ; the whole terminating with a fugue which cannot fail to enhance the author’s reputation. We must, however, confess that the somewhat sensational nature of the harmonies, though fashionable now-a-days, gives the hearer a feeling of restlessness, and the work a somewhat similar character. .
"	materials located the church in Manchester, but is probably an ocr problem and they actually refer to the St. Michael's Church of the diocese of Chester								
55	It will be obvious that the writer is much interested in Mad.	12		0.0	0.0	106.27223847423541	59	121							not a valid named entity	TheHarmonicon__1832-012.txt_1749	129803	129803	It will be obvious that the writer is much interested in Mad.	TheHarmonicon__1832-012.txt_1749	book	Mad	36136	wrong		wrong			Mad_(magazine)	https://en.wikipedia.org/wiki/Mad_(magazine)	Q312086	36136	wrong		wrong		missing			not a valid named entity								
56	(J. A. Novello.)	3	J. A. Novello	3.0	100.0	326.16259976843355	60	123		person	Q16059897					TheHarmonicon__1833-005.txt_387	125066	125066	(J. A. Novello.)	TheHarmonicon__1833-005.txt_387	person	J. A. Novello	36136	correct		correct			Ivor_Novello	https://en.wikipedia.org/wiki/Ivor_Novello	Q436693	36136	wrong	https://en.wikipedia.org/wiki/Alfred_Novello	wrong	Q16059897	yes											
57	4.) doRondo and Fantasia.	4		0.0	0.0	12018.94828522347	61	125							not a valid named entity	TheMusicalWorld__1843-029.txt_863	110410	110410	4.) doRondo and Fantasia.	TheMusicalWorld__1843-029.txt_863	thing	Fantasia	36136	wrong		wrong			Guzmania_'Fantasia'	https://en.wikipedia.org/wiki/Guzmania_'Fantasia'		36136	wrong				missing			not a valid named entity								
58	He has been off and on half a dozen times lately, according to the Chronicle.	15	Chronicle	1.0	6.666666666666667	103.13611515717548	62	127		newspaper	Q2381797		Morning Chronicle	"“Mr. Price, the enterprising lessee of Drury-Lane theatre, is reported to be negociating for a lease of the Italidn Opera House.”—Morning Chronicle.
"		TheHarmonicon__1828-001.txt_365	132561	132561	He has been off and on half a dozen times lately, according to the Chronicle.	TheHarmonicon__1828-001.txt_365	newspaper	Chronicle	36136	correct		correct			San_Francisco_Chronicle	https://en.wikipedia.org/wiki/San_Francisco_Chronicle	Q139103	36136	wrong	https://en.wikipedia.org/wiki/The_Morning_Chronicle	wrong	Q2381797	no	Morning Chronicle	"“Mr. Price, the enterprising lessee of Drury-Lane theatre, is reported to be negociating for a lease of the Italidn Opera House.”—Morning Chronicle.
"									
59	60 obo - JAMES ON THE FLUTE.	6	James	1.0	16.666666666666664	3748.4455428752744	63	129	James on the flute	person					materials do not give enough informations to find this person	TheQuarterlyMusicalMagazineAndReview__1826-029.txt_1947	123365	123365	60 obo - JAMES ON THE FLUTE.	TheQuarterlyMusicalMagazineAndReview__1826-029.txt_1947	person	James on the Flute	36136	correct		wrong	James	James on the flute	James_James	https://en.wikipedia.org/wiki/James_James	Q3161184	36136	wrong		wrong		missing			materials do not give enough informations to find this person								
60	4 The: Overture to Summer Night's Dream,	8	Summer Night Dream	3.0	37.5	203.98277865669752	64	131	Overture to Summer Night's Dream	music	Q1305214					DwightSJournalOfMusic__1873-016.txt_346	97694	97694	4 The:‘Overture to Summer Night's Dream,	DwightSJournalOfMusic__1873-016.txt_346	music	Overture to Summer Night Dream	36136	correct		wrong	Summer Night Dream	Overture to Summer Night's Dream	Overture_to_Summer_Night's_Dream	https://en.wikipedia.org/wiki/Overture_to_Summer_Night's_Dream		36136	wrong	https://en.wikipedia.org/wiki/A_Midsummer_Night%27s_Dream_(Mendelssohn)		Q1305214	yes											
61	Be peace on earth ( Palestine)	5	Palestine	1.0	20.0	1147.3013110699555	65	133		country	Q23792					TheMusicalTimes__1876-402.txt_3600	101019	101019	Be peace on earth ( Palestine)	TheMusicalTimes__1876-402.txt_3600	country	Palestine	36136	correct		correct			State_of_Palestine	https://en.wikipedia.org/wiki/State_of_Palestine	Q219060	36136	wrong	https://en.wikipedia.org/wiki/Palestine_(region)	wrong	Q23792	yes											
62	Mr. Chappell ven.	3	Mr. Chappell	2.0	66.66666666666666	437.08179731950906	66	135	Mr. Chappell ven	person	Q99029829		All published by S. Chappell	"Melange for the Piano Forte, from “Il Crociato in Egitto,” by Frederick Kalkbrenner. a a _All published by S. Chappell, 153, New Bond a Street, London.
"		TheQuarterlyMusicalMagazineAndReview__1826-029.txt_3684	124642	124642	Mr. Chappell ven.	TheQuarterlyMusicalMagazineAndReview__1826-029.txt_3684	person	Mr. Chappell ven	36136	correct		wrong	Mr. Chappell	Mr. Chappell ven	Vere_Claiborne_Chappell	https://en.wikipedia.org/wiki/Vere_Claiborne_Chappell	Q7921172	36136	wrong		wrong	Q99029829	no	All published by S. Chappell	"Melange for the Piano Forte, from “Il Crociato in Egitto,” by Frederick Kalkbrenner. a a _All published by S. Chappell, 153, New Bond a Street, London.
"									
63	Mr. Rea, were excellently sung.	5	Mr. Rea	2.0	40.0	1024.1393070233619	67	137		person					materials do not give enough informations	TheMusicalTimes__1876-397.txt_2298	105575	105575	Mr. Rea, were excellently sung.	TheMusicalTimes__1876-397.txt_2298	music	Mr. Rea	36136	wrong	person	correct			Chris_Rea	https://en.wikipedia.org/wiki/Chris_Rea	Q262314	36136	wrong		wrong		missing			materials do not give enough informations								
64	Ile has cultivated music profoundly, and has enjoyed ‘the personal acquaintance of most of the composers and artists of that city.	21		0.0	0.0	741.2398796125038	68	139								TheQuarterlyMusicalMagazineAndReview__1828-037.txt_927	119385	119385	Ile has cultivated music profoundly, and has enjoyed ‘the personal acquaintance of most of the composers and artists of that city.	TheQuarterlyMusicalMagazineAndReview__1828-037.txt_927	person	Ile	36136	wrong		wrong			ILE_(singer)	https://en.wikipedia.org/wiki/ILE_(singer)	Q6055355	36136	wrong		wrong		missing											
65	By JosErn GREEN.	3	Joseph Green	2.0	66.66666666666666	12136.165638658389	69	141	JosErn GREEN	person					not in wikidata	TheMusicalTimes__1873-366.txt_410	106898	106898	By JosErn GREEN.	TheMusicalTimes__1873-366.txt_410	person	JosErn GREEN	36136	correct		wrong	Joseph Green	JosErn GREEN	Eugène_Green	https://en.wikipedia.org/wiki/Eugène_Green	Q329549	36136	wrong		wrong		missing			not in wikidata								
66	, Wilson’s lecture was distinguished, as usual, by its good sense, and his vocal illustrations were exquisite	17	Wilson	1.0	5.88235294117647	462.635248125927	70	144		person	Q6264502		"Professor Wilson (the immortal Chris.
topher North)"	"or that Cimarosa wrote one hundred operas, and not quite so many oratorios. A professor of medicine could do this for us as well as a professor of music—perhaps better, being more likely to be a ready scribe, the result of a most probably superior or at least, more varied education than is ordinarily the gift of a musician ; so that the great poet and philosonher, Professor Wilson (the immortal Chris.
topher North) would bee likelier man (and one on whose authority we could sooner rely) to tell us the ife of an artist, or "		TheMusicalWorld__1844-006.txt_135	111960	111960	, Wilson’s lecture was distinguished, as usual, by its good sense, and his vocal illustrations were exquisite	TheMusicalWorld__1844-006.txt_135	person	Wilson	36136	correct		correct			Woodrow_Wilson	https://en.wikipedia.org/wiki/Woodrow_Wilson	Q34296	36136	wrong	https://en.wikipedia.org/wiki/John_Wilson_(Scottish_writer)#	wrong	Q6264502	no	"Professor Wilson (the immortal Chris.
topher North)"	"or that Cimarosa wrote one hundred operas, and not quite so many oratorios. A professor of medicine could do this for us as well as a professor of music—perhaps better, being more likely to be a ready scribe, the result of a most probably superior or at least, more varied education than is ordinarily the gift of a musician ; so that the great poet and philosonher, Professor Wilson (the immortal Chris.
topher North) would bee likelier man (and one on whose authority we could sooner rely) to tell us the ife of an artist, or "									
67	cee eee ee eece c7 v [11.	7		0.0	0.0	618607.3499659973	71	145							not a valid named entity	TheQuarterlyMusicalMagazineAndReview__1828-037.txt_190	118829	118829	cee eee ee eece c7 v [11.	TheQuarterlyMusicalMagazineAndReview__1828-037.txt_190	court-decision	C7 v	36136	wrong		wrong			T:dyk/q	https://en.wikipedia.org/wiki/T:dyk/q		36136	wrong				missing			not a valid named entity								
68	g Music on the Common.	5		0.0	0.0	687.3528611227705	72	148							not a valid named entity	DwightSJournalOfMusic__1868-012.txt_752	96899	96899	g Music on the Common.	DwightSJournalOfMusic__1868-012.txt_752	music	g Music on the Common	36136	wrong		wrong			G&G_Entertainment_(Music)	https://en.wikipedia.org/wiki/G&G_Entertainment_(Music)		36136	wrong				missing			not a valid named entity								
69	His arms consisted of a musquet, a sabre, a T urkish knife, and one small pistol, of extremely inferior quality.	20		0.0	0.0	421.45243449300284	73	149							not a named entity	TheQuarterlyMusicalMagazineAndReview__1826-029.txt_2543	123807	123807	His arms consisted of a musquet, a sabre, a T urkish knife, and one small pistol, of extremely inferior quality.	TheQuarterlyMusicalMagazineAndReview__1826-029.txt_2543	country	Turkey	36136	wrong		wrong			Turkey	https://en.wikipedia.org/wiki/Turkey	Q43	36136	wrong		wrong		missing			not a named entity								
70	powers of the Irish capital.	5		0.0	0.0	181.38685785751352	74	151								TheHarmonicon__1832-012.txt_1631	129708	129708	powers of the Irish capital.	TheHarmonicon__1832-012.txt_1631	country	Ireland	36136	wrong		wrong			Republic_of_Ireland	https://en.wikipedia.org/wiki/Republic_of_Ireland	Q27	36136	wrong		wrong		missing											
71	-Cabrera and the Horace of composers.	6		0.0	0.0	1082.4193861445642	77	157							not a valid named entity	TheQuarterlyMusicalMagazineAndReview__1825-025.txt_2288	114410	114410	-Cabrera and the Horace of composers.	TheQuarterlyMusicalMagazineAndReview__1825-025.txt_2288	person	Cabrera	36136	wrong		wrong			Benito_Cabrera	https://en.wikipedia.org/wiki/Benito_Cabrera	Q817344	36136	wrong		wrong		missing			not a valid named entity								
72	-Cabrera and the Horace of composers.	6		0.0	0.0	1082.4193861445642	78	159							not a valid named entity	TheQuarterlyMusicalMagazineAndReview__1825-025.txt_2288	114410	114410	-Cabrera and the Horace of composers.	TheQuarterlyMusicalMagazineAndReview__1825-025.txt_2288	person	Horace of composers	36136	wrong		wrong			Horace_Keats	https://en.wikipedia.org/wiki/Horace_Keats	Q24239542	36136	wrong		wrong		missing			not a valid named entity								
73	La musica merita d’esser studiata	5		0.0	0.0	309499.5530490573	79	161							not a valid named entity	TheQuarterlyMusicalMagazineAndReview__1828-037.txt_1367	119760	119760	La musica merita d’esser studiata	TheQuarterlyMusicalMagazineAndReview__1828-037.txt_1367	event	La Musica Merita d’esser Studiata	36136	wrong		wrong			Academy_of_Music_and_Dramatic_Arts_(Esbjerg)	https://en.wikipedia.org/wiki/Academy_of_Music_and_Dramatic_Arts_(Esbjerg)	Q4671509	36136	wrong		wrong		missing			not a valid named entity								
74	, at St. James’s Hall.	5	St. James Hall	3.0	60.0	817.6969061454209	80	163		building	Q4416300					TheMusicalTimes__1875-388.txt_1621	102439	102439	, at St. James’s Hall.	TheMusicalTimes__1875-388.txt_1621	building	St. James Hall	36136	correct		correct			St._James_Hall_(S3000 / St._James,_Florida)	https://en.wikipedia.org/wiki/St._James_Hall_(S3000 / St._James,_Florida)		36136	wrong	https://en.wikipedia.org/wiki/St_James%27s_Hall		Q4416300	yes											
75	From the Philadelphia Age, June 10.	6	Philadelphia Age	2.0	33.33333333333333	433.6011627601307	81	165		publication					materials do not give enough informations	DwightSJournalOfMusic__1873-016.txt_407	97744	97744	From the Philadelphia Age, June 10.	DwightSJournalOfMusic__1873-016.txt_407	publication	Philadelphia Age	36136	wrong	publication	correct			Philadelphia_(magazine)	https://en.wikipedia.org/wiki/Philadelphia_(magazine)	Q7182609	36136	wrong		wrong		missing			materials do not give enough informations								
76	Song; the Music composed by F. J. Klose 5.	9	F. J. Klose	3.0	33.33333333333333	215.3841874065766	82	167	 F. J. Klose 5	person					not in wikidata	TheQuarterlyMusicalMagazineAndReview__1825-025.txt_444	112950	112950	Song; the Music composed by F. J. Klose 5.	TheQuarterlyMusicalMagazineAndReview__1825-025.txt_444	person	F. J. Klose 5	36136	correct		wrong	F. J. Klose	 F. J. Klose 5	J-five	https://en.wikipedia.org/wiki/J-five	Q726352	36136	wrong		wrong		missing			not in wikidata								
77	John Bishop, price onlv 15s.	5	John Bishop	2.0	40.0	2814.9877986668266	83	169		person					not in wikidata	TheMusicalWorld__1843-036.txt_750	111690	111690	John Bishop, price onlv 15s.	TheMusicalWorld__1843-036.txt_750	person	John Bishop	36136	correct		correct			John_Bishop	https://en.wikipedia.org/wiki/John_Bishop	Q6222003	36136	wrong		wrong		missing			not in wikidata								
78	Westmorland Scholarship (Ten Pounds towards the cost of a Year's Instruction):	12		0.0	0.0	224.1083787900431	84	171							not a valid named entity	TheMusicalTimes__1873-366.txt_1425	107656	107656	Westmorland Scholarship (Ten Pounds towards the cost of a Year's Instruction):	TheMusicalTimes__1873-366.txt_1425	scholarship	Westmorland Scholarship	36136	wrong		wrong			Rhodes_Scholarship	https://en.wikipedia.org/wiki/Rhodes_Scholarship	Q1204346	36136	wrong		wrong		missing			not a valid named entity								
79	Patti there is nothing new to say.	7	Patti	1.0	14.285714285714285	821.3023367715602	85	174		person	Q234166		Adelina Patti's Career	"of Her Majesty's Opera, is, we think, certain. No unfamiliar work was ever reccived with more sponta-.| neous, and undisputed. approval:—Lendon. Tunes, . oy . f Malle. Adelina Patti's Career, [from the “Pail Mall Gazette,’ duly 29th.} Led The season just terminated at the Royal Ftal-.| tan Opera, although on. the whole by no. means one of the most. prosperous in the history.of that.
"		DwightSJournalOfMusic__1868-012.txt_504	96689	96689	Patti there is nothing new to say.	DwightSJournalOfMusic__1868-012.txt_504	person	Patti	36136	correct		correct			Patti_Smith	https://en.wikipedia.org/wiki/Patti_Smith	Q557	36136	wrong	https://en.wikipedia.org/wiki/Adelina_Patti	wrong	Q234166	no	Adelina Patti's Career	"of Her Majesty's Opera, is, we think, certain. No unfamiliar work was ever reccived with more sponta-.| neous, and undisputed. approval:—Lendon. Tunes, . oy . f Malle. Adelina Patti's Career, [from the “Pail Mall Gazette,’ duly 29th.} Led The season just terminated at the Royal Ftal-.| tan Opera, although on. the whole by no. means one of the most. prosperous in the history.of that.
"									
80	M. Watson 38.	3	M. Watson	2.0	66.66666666666666	569.0070151432203	86	176		person	Q99326638		"Michael Watson
"	"» 4 EASY PIANOFORTE MUSIC, by Gantier, Glover, Michael Watson, Bevani, &c. we » 5. OVERTURES, DUETS, by Auber, Hérold, and Rossini.
"		TheMusicalTimes__1876-397.txt_730	104421	104421	M. Watson 38.	TheMusicalTimes__1876-397.txt_730	person	M. Watson	36136	correct		correct			D._M._S._Watson	https://en.wikipedia.org/wiki/D._M._S._Watson	Q1175646	36136	wrong		wrong	Q99326638	no	"Michael Watson
"	"» 4 EASY PIANOFORTE MUSIC, by Gantier, Glover, Michael Watson, Bevani, &c. we » 5. OVERTURES, DUETS, by Auber, Hérold, and Rossini.
"									
81	Monsieur, and afterwards at that of the Feydeau.	8	Théâtre Feydeau	2.0	25.0	107.9853126852448	87	178	Feydeau	building	Q825805		He went afterwards to the Theatres Feydeaux 	"Pierre Jean Vacher, a pupil of André Monin and Viotti, was ‘born at Paris in 1772. He began to learn music at eight years old, and from fourteen to nineteen he occupied a place amongst . the first violinists at the opera of Bourdeaux. He came again to'. Paris at the beginning. of the Revolution, and was for several years in the orchestra of the Vaudeville. He went afterwards to the Theatres Feydeaux and of the opera, and also to the concerts  ON THE RISE AND PROGRESS OF THR VIOLIN, aT
"		TheQuarterlyMusicalMagazineAndReview__1825-025.txt_1815	114026	114026	Monsieur, and afterwards at that of the Feydeau.	TheQuarterlyMusicalMagazineAndReview__1825-025.txt_1815	city	Feydeau	36136	wrong	building	wrong	Théâtre Feydeau	Feydeau	Georges_Feydeau	https://en.wikipedia.org/wiki/Georges_Feydeau	Q49465	36136	wrong	https://en.wikipedia.org/wiki/Th%C3%A9%C3%A2tre_Feydeau	wrong	Q825805	no	He went afterwards to the Theatres Feydeaux 	"Pierre Jean Vacher, a pupil of André Monin and Viotti, was ‘born at Paris in 1772. He began to learn music at eight years old, and from fourteen to nineteen he occupied a place amongst . the first violinists at the opera of Bourdeaux. He came again to'. Paris at the beginning. of the Revolution, and was for several years in the orchestra of the Vaudeville. He went afterwards to the Theatres Feydeaux and of the opera, and also to the concerts  ON THE RISE AND PROGRESS OF THR VIOLIN, aT
"									
82	Mr. Novello’s praise.	4	Mr. Novello	2.0	50.0	1524.0356082164647	88	180		person	Q2526705					TheQuarterlyMusicalMagazineAndReview__1824-022.txt_3064	118013	118013	Mr. Novello’s praise.	TheQuarterlyMusicalMagazineAndReview__1824-022.txt_3064	person	Mr. Novello	36136	correct		correct			Ivor_Novello	https://en.wikipedia.org/wiki/Ivor_Novello	Q436693	36136	wrong	https://en.wikipedia.org/wiki/Vincent_Novello	wrong	Q2526705	yes											
83	Taylor at first took thé young aspirant for fame’ under his pro-_ tecting wing, the scetie.	16	Taylor	1.0	6.25	7265.553030418122	89	182		person					materials do not give enough informations to find this person	DwightSJournalOfMusic__1868-012.txt_311	96522	96522	Taylor at first took thé young aspirant for fame’ under his pro-_ tecting wing, the scetie.	DwightSJournalOfMusic__1868-012.txt_311	person	Taylor	36136	correct		correct			A._J._P._Taylor	https://en.wikipedia.org/wiki/A._J._P._Taylor	Q706931	36136	wrong		wrong		missing			materials do not give enough informations to find this person								
84	published concerting the National Theatre	5	National Theatre	2.0	40.0	18169.177305112535	90	184		organization	Q511108					DwightSJournalOfMusic__1873-016.txt_1150	98316	98316	published concerting the National Theatre	DwightSJournalOfMusic__1873-016.txt_1150	organization	National Theatre	36136	correct		correct			Royal_National_Theatre	https://en.wikipedia.org/wiki/Royal_National_Theatre	Q511108	36136	correct		correct													
85	atchman’s Song (7.1.8.5. ant Ditte.	6		0.0	0.0	29193.218957027708	92	188							not a valid named entity	TheMusicalTimes__1873-366.txt_3725	109161	109161	atchman’s Song (7.1.8.5. ant Ditte.	TheMusicalTimes__1873-366.txt_3725	song	Atchman's Song	36136	wrong		wrong			Atchman's_Song	https://en.wikipedia.org/wiki/Atchman's_Song		36136	wrong				missing			not a valid named entity								
86	atchman’s Song (7.1.8.5. ant Ditte.	6		0.0	0.0	29193.218957027708	93	189							not a valid named entity	TheMusicalTimes__1873-366.txt_3725	109161	109161	atchman’s Song (7.1.8.5. ant Ditte.	TheMusicalTimes__1873-366.txt_3725	song	ant Ditte	36136	wrong		wrong			Ant_&_Dec	https://en.wikipedia.org/wiki/Ant_&_Dec	Q3596068	36136	wrong		wrong		missing			not a valid named entity								
87	Institution was given at St. James’s Hall, on the 5th ult., before a large audience.	16	St. James Hall	3.0	18.75	450.69372619181485	95	193		building	Q4416300					TheMusicalTimes__1876-402.txt_1145	99376	99376	Institution was given at St. James’s Hall, on the 5th ult., before a large audience.	TheMusicalTimes__1876-402.txt_1145	building	St. James Hall	36136	correct		correct			St._James_Hall,_Hong_Kong	https://en.wikipedia.org/wiki/St._James_Hall,_Hong_Kong		36136	wrong	https://en.wikipedia.org/wiki/St_James%27s_Hall		Q4416300	yes											
88	Annie Albu, Amy Aylward, Kate Brand, Thekla Fischer, Ellen Orridge, Hannah Roby.	12	Annie Albu	2.0	16.666666666666664	4565.9369234987125	96	194		person					not in wikidata or wikipedia	TheMusicalTimes__1876-402.txt_1195	99419	99419	Annie Albu, Amy Aylward, Kate Brand, Thekla Fischer, Ellen Orridge, Hannah Roby.	TheMusicalTimes__1876-402.txt_1195	person	Annie Albu	36136	correct		correct			Annie_Proulx	https://en.wikipedia.org/wiki/Annie_Proulx	Q229840	36136	wrong		wrong		missing			not in wikidata or wikipedia								
89	Annie Albu, Amy Aylward, Kate Brand, Thekla Fischer, Ellen Orridge, Hannah Roby.	12	Amy Aylward	2.0	16.666666666666664	4565.9369234987125	97	196		person					not in wikidata or wikipedia	TheMusicalTimes__1876-402.txt_1195	99419	99419	Annie Albu, Amy Aylward, Kate Brand, Thekla Fischer, Ellen Orridge, Hannah Roby.	TheMusicalTimes__1876-402.txt_1195	person	Amy Aylward	36136	correct		correct			Elaine_Aylward	https://en.wikipedia.org/wiki/Elaine_Aylward	Q5353163	36136	wrong		wrong		missing			not in wikidata or wikipedia								
90	Annie Albu, Amy Aylward, Kate Brand, Thekla Fischer, Ellen Orridge, Hannah Roby.	12	Kate Brand	2.0	16.666666666666664	4565.9369234987125	98	198		person					not in wikidata or wikipedia	TheMusicalTimes__1876-402.txt_1195	99419	99419	Annie Albu, Amy Aylward, Kate Brand, Thekla Fischer, Ellen Orridge, Hannah Roby.	TheMusicalTimes__1876-402.txt_1195	person	Kate Brand	36136	correct		correct			Jo_Brand	https://en.wikipedia.org/wiki/Jo_Brand	Q3395525	36136	wrong		wrong		missing			not in wikidata or wikipedia								
91	Annie Albu, Amy Aylward, Kate Brand, Thekla Fischer, Ellen Orridge, Hannah Roby.	12	Thekla Fischer	2.0	16.666666666666664	4565.9369234987125	99	200		person					not in wikidata or wikipedia	TheMusicalTimes__1876-402.txt_1195	99419	99419	Annie Albu, Amy Aylward, Kate Brand, Thekla Fischer, Ellen Orridge, Hannah Roby.	TheMusicalTimes__1876-402.txt_1195	person	Thekla Fischer	36136	correct		correct			Tibor_Fischer	https://en.wikipedia.org/wiki/Tibor_Fischer	Q367848	36136	wrong		wrong		missing			not in wikidata or wikipedia								
92	Annie Albu, Amy Aylward, Kate Brand, Thekla Fischer, Ellen Orridge, Hannah Roby.	12	Ellen Orridge	2.0	16.666666666666664	4565.9369234987125	100	202		person					qid may be Q118879570, but the wikidata page doesn't have enough information	TheMusicalTimes__1876-402.txt_1195	99419	99419	Annie Albu, Amy Aylward, Kate Brand, Thekla Fischer, Ellen Orridge, Hannah Roby.	TheMusicalTimes__1876-402.txt_1195	person	Ellen Orridge	36136	correct		correct			Ellen_Banks	https://en.wikipedia.org/wiki/Ellen_Banks	Q28673746	36136	wrong		wrong		missing			qid may be Q118879570, but the wikidata page doesn't have enough information								
93	Annie Albu, Amy Aylward, Kate Brand, Thekla Fischer, Ellen Orridge, Hannah Roby.	12	Hannah Roby	2.0	16.666666666666664	4565.9369234987125	101	204		person					not in wikidata or wikipedia	TheMusicalTimes__1876-402.txt_1195	99419	99419	Annie Albu, Amy Aylward, Kate Brand, Thekla Fischer, Ellen Orridge, Hannah Roby.	TheMusicalTimes__1876-402.txt_1195	person	Hannah Roby	36136	correct		correct			Erica_Roby	https://en.wikipedia.org/wiki/Erica_Roby	Q5387917	36136	wrong		wrong		missing			not in wikidata or wikipedia								
94	Una Fatale Immagine’’	3	Una Fatale Immagine	3.0	100.0	927341.463292136	102	206		music					not in wikidata	TheMusicalWorld__1844-006.txt_266	112078	112078	Una Fatale Immagine’’	TheMusicalWorld__1844-006.txt_266	thing	Una Fatale Immagine	36136	wrong	music	correct			Una_Bala_es_mi_testigo	https://en.wikipedia.org/wiki/Una_Bala_es_mi_testigo		36136	wrong				missing			not in wikidata								
95	We had been long ‘accustomed, indeed, to hear a few of the most pleasing of _them sung in The Beggar’s Opera, a circumstance owing to	26	The Beggar Opera	3.0	11.538461538461538	438.9495266101486	103	208		opera	Q1472110					TheHarmonicon__1828-001.txt_1079	133119	133119	We had been long ‘accustomed, indeed, to hear a few of the most pleasing of _them sung in The Beggar’s Opera, a circumstance owing to	TheHarmonicon__1828-001.txt_1079	opera	The Beggar Opera	36136	correct		correct			The_Beggar_(s3000 / song)	https://en.wikipedia.org/wiki/The_Beggar_(s3000 / song)		36136	wrong	https://en.wikipedia.org/wiki/The_Beggar%27s_Opera		Q1472110	yes											
96	Both these pieces improve on repetition, “ Say, have you loved,” isa duet for soprano: and tenor.	16	Say, have you loved	5.0	31.25	1646.7162655748477	104	211	Say , Have You Love )	music					not in wikidata or wikipedia	TheQuarterlyMusicalMagazineAndReview__1825-025.txt_2640	114695	114695	Both these pieces improve on repetition, “ Say, have you loved,” isa duet for soprano: and tenor.	TheQuarterlyMusicalMagazineAndReview__1825-025.txt_2640	music	Say , Have You Love )	36136	correct		wrong	Say, have you loved	Say , Have You Love )	Say,_have_you_love-01	https://en.wikipedia.org/wiki/Say,_have_you_love-01		36136	wrong				missing			not in wikidata or wikipedia								
97	—-Then ‘‘Turkish music at a distance.	6		0.0	0.0	3714.6860727294725	105	212							not a valid named entity	TheHarmonicon__1828-001.txt_1393	133362	133362	—-Then ‘‘Turkish music at a distance.	TheHarmonicon__1828-001.txt_1393	country	Turkey	36136	wrong		wrong			Turkey	https://en.wikipedia.org/wiki/Turkey	Q43	36136	wrong		wrong		missing			not a valid named entity								
98	LES DIAMANS DE LA COURONNE.	5	LES DIAMANS DE LA COURONNE	5.0	100.0	56345.946998855536	106	214		work-of-art	Q467897					TheMusicalWorld__1843-036.txt_735	111680	111680	LES DIAMANS DE LA COURONNE.	TheMusicalWorld__1843-036.txt_735	city	Los Diamans de La COURONne	36136	wrong	work-of-art	wrong	LES DIAMANS DE LA COURONNE		Lédânam	https://en.wikipedia.org/wiki/Lédânam		36136	wrong	https://en.wikipedia.org/wiki/Les_diamants_de_la_couronne		Q467897	yes											
99	Sommer, organist to the Court of Vienna; this is the greatest compliment which can be paid to his talents.	19	Sommer	1.0	5.263157894736842	86.08578750219208	107	217		person					materials do not give enough informations	TheQuarterlyMusicalMagazineAndReview__1828-037.txt_1570	119926	119926	Sommer, organist to the Court of Vienna; this is the greatest compliment which can be paid to his talents.	TheQuarterlyMusicalMagazineAndReview__1828-037.txt_1570	person	Sommer	36136	correct		correct			Vladimír_Sommer	https://en.wikipedia.org/wiki/Vladimír_Sommer	Q708909	36136	wrong		wrong		missing			materials do not give enough informations								
100	Sommer, organist to the Court of Vienna; this is the greatest compliment which can be paid to his talents.	19	Court of Vienna	3.0	15.789473684210526	86.08578750219208	108	219		building	Q209937					TheQuarterlyMusicalMagazineAndReview__1828-037.txt_1570	119926	119926	Sommer, organist to the Court of Vienna; this is the greatest compliment which can be paid to his talents.	TheQuarterlyMusicalMagazineAndReview__1828-037.txt_1570	government-organization	Court of Vienna	36136	wrong	building	correct			Vienna_State_Opera	https://en.wikipedia.org/wiki/Vienna_State_Opera	Q209937	36136	correct		correct													
101	Haggart’s New Violoncello Music	5	Haggart	1.0	20.0	262510.187184706	109	220		person					not in wikidata	TheQuarterlyMusicalMagazineAndReview__1826-029.txt_419	122267	122267	Haggart’s New Violoncello Music	TheQuarterlyMusicalMagazineAndReview__1826-029.txt_419	person	Haggart	36136	correct		correct			Bob_Haggart	https://en.wikipedia.org/wiki/Bob_Haggart	Q709321	36136	wrong		wrong		missing			not in wikidata								
102	The next is a solo for an alto, anda quartet from Naumann.	12	Naumann	1.0	8.333333333333332	443.8752232769114	110	223		person	Q213927					TheQuarterlyMusicalMagazineAndReview__1824-022.txt_3025	117980	117980	The next is a solo for an alto, anda quartet from Naumann.	TheQuarterlyMusicalMagazineAndReview__1824-022.txt_3025	person	Naumann	36136	correct		correct			Ernst_Naumann	https://en.wikipedia.org/wiki/Ernst_Naumann	Q5395101	36136	wrong	https://en.wikipedia.org/wiki/Johann_Gottlieb_Naumann	wrong	Q213927	yes											
103	Mr. Novello’s admiration of the author.	7	Mr. Novello	2.0	28.57142857142857	307.12972032110815	111	225		person	Q2526705		.Now for the first time published, by permission of the University of Cambridge, by Vincent =~ Novello, Organist to the Portuguese Embassy’	"XXY. The. Juvenile Band, composed. and arranged for the early oe actice of Playing i in Concert, by Rolphino Lacy and J ohn To reen 2. Nos. 1 and 2 of a Series of Preparatory Exercises for the Piano Forte, by J.C. Clifton 3. Introductory Preludes and Progressive Lessons for the Piano a Forte, on admired Airs, adapted by J. de Pinna ........ 105 XXVI. Etudes pour le Piano Forte, par Aloise Schmitt. Op.16. 3 parts. 105 XXVIL. The Fitzwilliam Music, being a collection of Sacred Pieces selected from Manuscrips of Italian Composers i in the Fitzwilliam Museum. .Now for the first time published, by permission of the University of Cambridge, by Vincent =~ Novello, Organist to the Portuguese Embassy’ ..-.. 2.00. 107 XXVIII. New Lessons ced weeeesacoeccetecs ocesesers eees ans XXIX. New Lessons ........ wea eeeeeees ccoeescccccsvscssee LIE
"		TheQuarterlyMusicalMagazineAndReview__1826-029.txt_3331	124393	124393	Mr. Novello’s admiration of the author.	TheQuarterlyMusicalMagazineAndReview__1826-029.txt_3331	person	Mr. Novello	36136	correct		correct			Ivor_Novello	https://en.wikipedia.org/wiki/Ivor_Novello	Q436693	36136	wrong	https://en.wikipedia.org/wiki/Vincent_Novello	wrong	Q2526705	missing	.Now for the first time published, by permission of the University of Cambridge, by Vincent =~ Novello, Organist to the Portuguese Embassy’	"XXY. The. Juvenile Band, composed. and arranged for the early oe actice of Playing i in Concert, by Rolphino Lacy and J ohn To reen 2. Nos. 1 and 2 of a Series of Preparatory Exercises for the Piano Forte, by J.C. Clifton 3. Introductory Preludes and Progressive Lessons for the Piano a Forte, on admired Airs, adapted by J. de Pinna ........ 105 XXVI. Etudes pour le Piano Forte, par Aloise Schmitt. Op.16. 3 parts. 105 XXVIL. The Fitzwilliam Music, being a collection of Sacred Pieces selected from Manuscrips of Italian Composers i in the Fitzwilliam Museum. .Now for the first time published, by permission of the University of Cambridge, by Vincent =~ Novello, Organist to the Portuguese Embassy’ ..-.. 2.00. 107 XXVIII. New Lessons ced weeeesacoeccetecs ocesesers eees ans XXIX. New Lessons ........ wea eeeeeees ccoeescccccsvscssee LIE
"									
104	I find the following sensible critical remarks among my papers; they were copied from a weekly work (the Court Magazine, I think)	22	Court Magazine	2.0	9.090909090909092	530.9335041839034	112	227		magazine					sentence would be enough to find the right qid but the entity is not in wikidata or wikipedia	TheHarmonicon__1833-005.txt_1585	125890	125890	I find the following sensible critical remarks among my papers; they were copied from a weekly work (the Court Magazine, I think)	TheHarmonicon__1833-005.txt_1585	magazine	Court Magazine	36136	correct		correct			Judge_(magazine)	https://en.wikipedia.org/wiki/Judge_(magazine)	Q3187947	36136	wrong		wrong		yes			sentence would be enough to find the right qid but the entity is not in wikidata or wikipedia								
105	Funeral of the: Baron Von Weber	6	Baron Von Weber	3.0	50.0	371.7454781152348	114	231		person	Q154812					TheQuarterlyMusicalMagazineAndReview__1826-029.txt_168	122103	122103	Funeral of the: Baron Von Weber	TheQuarterlyMusicalMagazineAndReview__1826-029.txt_168	person	Baron Von Weber	36136	correct		correct			Karl_Ritter_von_Weber	https://en.wikipedia.org/wiki/Karl_Ritter_von_Weber	Q1364514	36136	wrong	https://en.wikipedia.org/wiki/Carl_Maria_von_Weber	wrong	Q154812	yes											
106	The testimony of Mr. Daff and Mr. Pelzer. .	8	Mr. Daff	2.0	25.0	120.22741069531853	115	233		person					materials do not give enough informations to find this person	TheHarmonicon__1832-012.txt_348	128689	128689	The testimony of Mr. Daff and Mr. Pelzer. .	TheHarmonicon__1832-012.txt_348	person	Mr. Daff	36136	correct		correct			Al_Daff	https://en.wikipedia.org/wiki/Al_Daff	Q18810998	36136	wrong		wrong		missing			materials do not give enough informations to find this person								
107	The testimony of Mr. Daff and Mr. Pelzer. .	8	Mr. Pelzer	2.0	25.0	120.22741069531853	116	235		person					not in wikipedia or wikidata	TheHarmonicon__1832-012.txt_348	128689	128689	The testimony of Mr. Daff and Mr. Pelzer. .	TheHarmonicon__1832-012.txt_348	person	Mr. Pelzer	36136	correct		correct			Dave_Pelzer	https://en.wikipedia.org/wiki/Dave_Pelzer	Q1173311	36136	wrong		wrong		missing			not in wikipedia or wikidata								
108	Seeing the success of his rival, Wilson, in musical entertainments, he has launched forth as an imitator; but on this topic more anon, Wilson isa right-minded, thoroughly honest man.	31	Wilson	1.0	3.225806451612903	247.5582081522605	6	12		person	Q6264502		"so that the great poet and philosonher, Professor Wilson (the immortal Chris.
topher North)"	"or that Cimarosa wrote one hundred operas, and not quite so many oratorios. A professor of medicine could do this for us as well as a professor of music—perhaps better, being more likely to be a ready scribe, the result of a most probably superior or at least, more varied education than is ordinarily the gift of a musician ; so that the great poet and philosonher, Professor Wilson (the immortal Chris.
topher North) would bee likelier man (and one on whose authority we could sooner rely) to tell us the ife of an artist, or the his‘ory of an art, in an egreeable and instructive manner, than any artist we could name. We ourselves, if we considered the history and literature of the art (&e. &c.) the main points, would immediately offer ourselves as candidates, and would cheerfully bet ten to one that we could beat Dr. Gauntlett, Mr. Donaldson, or Mr. Flowers clean out of the field. If such, indeed, were the requisites, the Jearned and intelligent electing professors need not go out of their own body. Any one among them could write a history, ot broach a theory, better than most of their species. They are men of varied acquirement and profound philosophy ; they are celebrated from one end of Europe to the other. What want have they to give from three hundred (the minimum) to a thousand, (the maximum), pounds sterling, per annum, to a musician! to write a history for them ? The case is clear. General Reid desired a practi."		TheMusicalWorld__1844-006.txt_120	111949	111949	Seeing the success of his rival, Wilson, in musical entertainments, Mr. Horncastle has launched forth as an imitator; but on this topic more anon, Wilson isa right-minded, thoroughly honest man.	TheMusicalWorld__1844-006.txt_120	person	Wilson	36136	correct		correct			Woodrow_Wilson	https://en.wikipedia.org/wiki/Woodrow_Wilson	Q34296	36136	wrong	https://en.wikipedia.org/wiki/John_Wilson_(Scottish_writer)	wrong	Q6264502	no	"so that the great poet and philosonher, Professor Wilson (the immortal Chris.
topher North)"	"or that Cimarosa wrote one hundred operas, and not quite so many oratorios. A professor of medicine could do this for us as well as a professor of music—perhaps better, being more likely to be a ready scribe, the result of a most probably superior or at least, more varied education than is ordinarily the gift of a musician ; so that the great poet and philosonher, Professor Wilson (the immortal Chris.
topher North) would bee likelier man (and one on whose authority we could sooner rely) to tell us the ife of an artist, or the his‘ory of an art, in an egreeable and instructive manner, than any artist we could name. We ourselves, if we considered the history and literature of the art (&e. &c.) the main points, would immediately offer ourselves as candidates, and would cheerfully bet ten to one that we could beat Dr. Gauntlett, Mr. Donaldson, or Mr. Flowers clean out of the field. If such, indeed, were the requisites, the Jearned and intelligent electing professors need not go out of their own body. Any one among them could write a history, ot broach a theory, better than most of their species. They are men of varied acquirement and profound philosophy ; they are celebrated from one end of Europe to the other. What want have they to give from three hundred (the minimum) to a thousand, (the maximum), pounds sterling, per annum, to a musician! to write a history for them ? The case is clear. General Reid desired a practi."									Seeing the success of his rival, Wilson, in musical entertainments, he has launched forth as an imitator; but on this topic more anon, Wilson isa right-minded, thoroughly honest man.
109	Very successful results have attended its application.”—Daily News.	9	Daily News	2.0	22.22222222222222	2984.0591358664456	33	69		newspaper	Q2605160					TheMusicalTimes__1876-402.txt_293	98723	98723	Very successful results have attended its application.”—Daily News.	TheMusicalTimes__1876-402.txt_293	newspaper	Daily News	36136	correct		correct			New_York_Daily_News	https://en.wikipedia.org/wiki/New_York_Daily_News	Q627827	36136	wrong	https://en.wikipedia.org/wiki/The_Daily_News_(UK)	wrong	Q2605160	yes											Very successful results have attended its application.”—Daily News.
110	His first ap ON THE RISE AND PROGRESS OF THE YIOLIN.	3		0.0	0.0	8322.932930713107	75	153							not a valid named entity	TheQuarterlyMusicalMagazineAndReview__1825-025.txt_1700	113926	113926	His first ap	TheQuarterlyMusicalMagazineAndReview__1825-025.txt_1700	thing	AP	36136	wrong		wrong			Associated_Press	https://en.wikipedia.org/wiki/Associated_Press	Q40469	36136	wrong		wrong		missing			not a valid named entity								His first ap ON THE RISE AND PROGRESS OF THE YIOLIN.
